id_area;municipio;area;localita;obj_id;codice;descrizione_codice;data_ini;LONG_X_4326;LAT_Y_4326;Location
4_245;4;245;vie Longanesi - Nervesa;64740;P214272;Tavolo da pic nic;2006/03/10;9.2168272151;45.4450733376;(45.4450733376, 9.2168272151)
4_245;4;245;vie Longanesi - Nervesa;64741;P214272;Tavolo da pic nic;2006/03/10;9.2167648511;45.4450164782;(45.4450164782, 9.2167648511)
4_245;4;245;vie Longanesi - Nervesa;64742;P214272;Tavolo da pic nic;2006/03/10;9.2170693963;45.4449374092;(45.4449374092, 9.2170693963)
4_245;4;245;vie Longanesi - Nervesa;64743;P214272;Tavolo da pic nic;2006/03/10;9.2170071601;45.4448805497;(45.4448805497, 9.2170071601)
4_245;4;245;vie Longanesi - Nervesa;64744;P214272;Tavolo da pic nic;2006/03/10;9.216936035;45.4448732138;(45.4448732138, 9.216936035)
4_245;4;245;vie Longanesi - Nervesa;64745;P214272;Tavolo da pic nic;2006/03/10;9.2167727088;45.4449647063;(45.4449647063, 9.2167727088)
2_221;2;221;vie Breda - Angeleri;104139;P214272;Tavolo da pic nic;2007/05/25;9.2133976468;45.5106574722;(45.5106574722, 9.2133976468)
2_221;2;221;vie Breda - Angeleri;104140;P214272;Tavolo da pic nic;2007/05/25;9.2134403689;45.5107492938;(45.5107492938, 9.2134403689)
7_338;7;338;parco Annarumma Antonio;111241;P214272;Tavolo da pic nic;2008/06/04;9.1175176236;45.4594987115;(45.4594987115, 9.1175176236)
7_338;7;338;parco Annarumma Antonio;111242;P214272;Tavolo da pic nic;2008/06/04;9.1174972023;45.4594832066;(45.4594832066, 9.1174972023)
7_338;7;338;parco Annarumma Antonio;111243;P214272;Tavolo da pic nic;2008/06/04;9.1182731216;45.459936369;(45.459936369, 9.1182731216)
7_338;7;338;parco Annarumma Antonio;111244;P214272;Tavolo da pic nic;2008/06/04;9.1182455501;45.4599266825;(45.4599266825, 9.1182455501)
7_261;7;261;via Molinetto;113121;P214272;Tavolo da pic nic;2008/09/11;9.0696094172;45.4920983181;(45.4920983181, 9.0696094172)
7_261;7;261;via Molinetto;113122;P214272;Tavolo da pic nic;2008/09/11;9.0696366253;45.4920674182;(45.4920674182, 9.0696366253)
7_261;7;261;via Molinetto;113123;P214272;Tavolo da pic nic;2008/09/11;9.0696992002;45.4920730246;(45.4920730246, 9.0696992002)
6_175;6;175;parco Giussani Don Luigi;113738;P214272;Tavolo da pic nic;2008/10/03;9.165907692;45.4584609793;(45.4584609793, 9.165907692)
6_175;6;175;parco Giussani Don Luigi;113739;P214272;Tavolo da pic nic;2008/10/03;9.1666580679;45.4577322317;(45.4577322317, 9.1666580679)
5_108;5;108;via Don Rodrigo;113812;P214272;Tavolo da pic nic;2008/11/24;9.1712441644;45.4334630698;(45.4334630698, 9.1712441644)
5_108;5;108;via Don Rodrigo;113813;P214272;Tavolo da pic nic;2008/11/24;9.1713057565;45.4334563959;(45.4334563959, 9.1713057565)
5_108;5;108;via Don Rodrigo;113814;P214272;Tavolo da pic nic;2008/11/24;9.1712780799;45.433438928;(45.433438928, 9.1712780799)
6_121;6;121;via degli Anemoni - Gigli - dei Giacinti - Primaticcio;114367;P214272;Tavolo da pic nic;2008/10/04;9.1327473587;45.4532988937;(45.4532988937, 9.1327473587)
6_121;6;121;via degli Anemoni - Gigli - dei Giacinti - Primaticcio;114368;P214272;Tavolo da pic nic;2008/10/04;9.132808577;45.4533160667;(45.4533160667, 9.132808577)
6_121;6;121;via degli Anemoni - Gigli - dei Giacinti - Primaticcio;114369;P214272;Tavolo da pic nic;2008/10/04;9.132800271;45.4533648159;(45.4533648159, 9.132800271)
8_013;8;13;giardino Ilaria Alpi;115991;P214272;Tavolo da pic nic;2009/04/16;9.0974001205;45.5031901936;(45.5031901936, 9.0974001205)
8_013;8;13;giardino Ilaria Alpi;115992;P214272;Tavolo da pic nic;2009/04/16;9.0975316554;45.5031707731;(45.5031707731, 9.0975316554)
8_013;8;13;giardino Ilaria Alpi;115993;P214272;Tavolo da pic nic;2009/04/16;9.097498323;45.503073449;(45.503073449, 9.097498323)
8_013;8;13;giardino Ilaria Alpi;115994;P214272;Tavolo da pic nic;2009/04/16;9.0973868385;45.5030816169;(45.5030816169, 9.0973868385)
4_066;4;66;via Serrati;116003;P214272;Tavolo da pic nic;2009/04/07;9.2619026255;45.4406027591;(45.4406027591, 9.2619026255)
4_066;4;66;via Serrati;116004;P214272;Tavolo da pic nic;2009/04/07;9.2618835643;45.4405255357;(45.4405255357, 9.2618835643)
4_066;4;66;via Serrati;116005;P214272;Tavolo da pic nic;2009/04/07;9.2619026255;45.4406027591;(45.4406027591, 9.2619026255)
9_404;9;404;viale Cà Granda - Testi - Guarini Matteucci;116059;P214272;Tavolo da pic nic;2009/05/22;9.1993417516;45.5061784327;(45.5061784327, 9.1993417516)
9_404;9;404;viale Cà Granda - Testi - Guarini Matteucci;116060;P214272;Tavolo da pic nic;2009/05/22;9.199270249;45.5061687177;(45.5061687177, 9.199270249)
6_122;6;122;via Odazio;116312;P214272;Tavolo da pic nic;2007/05/01;9.13490341;45.447964643;(45.447964643, 9.13490341)
6_122;6;122;via Odazio;116313;P214272;Tavolo da pic nic;2007/05/01;9.134929719;45.4479220452;(45.4479220452, 9.134929719)
5_265;5;265;via Pescara;116746;P214272;Tavolo da pic nic;2009/07/29;9.1812014629;45.4006397944;(45.4006397944, 9.1812014629)
7_385;7;385;via Budrio;117109;P214272;Tavolo da pic nic;2009/06/16;9.0801628085;45.4645945924;(45.4645945924, 9.0801628085)
7_385;7;385;via Budrio;117110;P214272;Tavolo da pic nic;2009/06/16;9.0802724987;45.4646178144;(45.4646178144, 9.0802724987)
7_385;7;385;via Budrio;117111;P214272;Tavolo da pic nic;2009/06/16;9.0803022256;45.4645483005;(45.4645483005, 9.0803022256)
7_385;7;385;via Budrio;117112;P214272;Tavolo da pic nic;2009/06/16;9.0801914572;45.4645253185;(45.4645253185, 9.0801914572)
7_385;7;385;via Budrio;117113;P214272;Tavolo da pic nic;2009/06/16;9.0792171635;45.4644073769;(45.4644073769, 9.0792171635)
7_385;7;385;via Budrio;117114;P214272;Tavolo da pic nic;2009/06/16;9.0792482894;45.4644149033;(45.4644149033, 9.0792482894)
9_119;9;119;via Baldinucci;119428;P214272;Tavolo da pic nic;2009/06/11;9.1682232931;45.5039478268;(45.5039478268, 9.1682232931)
9_119;9;119;via Baldinucci;119429;P214272;Tavolo da pic nic;2009/06/11;9.1682720768;45.5039796687;(45.5039796687, 9.1682720768)
9_119;9;119;via Baldinucci;119430;P214272;Tavolo da pic nic;2009/06/11;9.1683273104;45.5040042429;(45.5040042429, 9.1683273104)
8_068;8;68;parco Monte Stella;119693;P214272;Tavolo da pic nic;2010/03/02;9.1359388352;45.4869905126;(45.4869905126, 9.1359388352)
8_068;8;68;parco Monte Stella;119694;P214272;Tavolo da pic nic;2010/03/02;9.1360863169;45.4871235609;(45.4871235609, 9.1360863169)
8_031;8;31;giardino Sergio Vieira De Mello;119724;P214272;Tavolo da pic nic;2010/03/18;9.1175654506;45.4938597987;(45.4938597987, 9.1175654506)
8_031;8;31;giardino Sergio Vieira De Mello;119725;P214272;Tavolo da pic nic;2010/03/18;9.1175623907;45.493921254;(45.493921254, 9.1175623907)
8_031;8;31;giardino Sergio Vieira De Mello;119726;P214272;Tavolo da pic nic;2010/03/18;9.1176269503;45.4938866626;(45.4938866626, 9.1176269503)
5_266;5;266;vie Balduccio da Pisa - Calabiana;119938;P214272;Tavolo da pic nic;2010/03/15;9.2082193306;45.4425458628;(45.4425458628, 9.2082193306)
5_266;5;266;vie Balduccio da Pisa - Calabiana;119939;P214272;Tavolo da pic nic;2010/03/15;9.2082295211;45.4425978226;(45.4425978226, 9.2082295211)
3_165;3;165;via Don Calabria;121043;P214272;Tavolo da pic nic;2010/06/10;9.240006757;45.4984107727;(45.4984107727, 9.240006757)
3_165;3;165;via Don Calabria;121044;P214272;Tavolo da pic nic;2010/06/10;9.2399823721;45.4983828323;(45.4983828323, 9.2399823721)
3_165;3;165;via Don Calabria;121045;P214272;Tavolo da pic nic;2010/06/10;9.2399635727;45.49842556;(45.49842556, 9.2399635727)
3_165;3;165;via Don Calabria;121046;P214272;Tavolo da pic nic;2010/06/10;9.239941163;45.4983998994;(45.4983998994, 9.239941163)
7_384;7;384;parco della Cava di Muggiano;121214;P214272;Tavolo da pic nic;2009/06/11;9.0669674493;45.4391306461;(45.4391306461, 9.0669674493)
7_384;7;384;parco della Cava di Muggiano;121215;P214272;Tavolo da pic nic;2009/06/11;9.0669935058;45.439032857;(45.439032857, 9.0669935058)
7_384;7;384;parco della Cava di Muggiano;121216;P214272;Tavolo da pic nic;2009/06/11;9.0656717211;45.440204837;(45.440204837, 9.0656717211)
7_384;7;384;parco della Cava di Muggiano;121217;P214272;Tavolo da pic nic;2009/06/11;9.0657094778;45.440229124;(45.440229124, 9.0657094778)
7_384;7;384;parco della Cava di Muggiano;121218;P214272;Tavolo da pic nic;2009/06/11;9.0657556648;45.4402588337;(45.4402588337, 9.0657556648)
7_384;7;384;parco della Cava di Muggiano;121219;P214272;Tavolo da pic nic;2009/06/11;9.0657934216;45.4402831206;(45.4402831206, 9.0657934216)
7_384;7;384;parco della Cava di Muggiano;121220;P214272;Tavolo da pic nic;2009/06/11;9.0656085753;45.4400349625;(45.4400349625, 9.0656085753)
7_384;7;384;parco della Cava di Muggiano;121221;P214272;Tavolo da pic nic;2009/06/11;9.0656790697;45.4400807668;(45.4400807668, 9.0656790697)
7_384;7;384;parco della Cava di Muggiano;121222;P214272;Tavolo da pic nic;2009/06/11;9.0657261587;45.4401113632;(45.4401113632, 9.0657261587)
7_384;7;384;parco della Cava di Muggiano;121223;P214272;Tavolo da pic nic;2009/06/11;9.0659626577;45.4400271084;(45.4400271084, 9.0659626577)
7_384;7;384;parco della Cava di Muggiano;121224;P214272;Tavolo da pic nic;2009/06/11;9.0658803672;45.4399318346;(45.4399318346, 9.0658803672)
7_384;7;384;parco della Cava di Muggiano;121225;P214272;Tavolo da pic nic;2009/06/11;9.0655571503;45.4400076733;(45.4400076733, 9.0655571503)
7_384;7;384;parco della Cava di Muggiano;121226;P214272;Tavolo da pic nic;2009/06/11;9.0669663485;45.4392425144;(45.4392425144, 9.0669663485)
8_073;8;73;giardino Poletti Angelo;121806;P214272;Tavolo da pic nic;2010/07/19;9.0988332062;45.4994864837;(45.4994864837, 9.0988332062)
8_073;8;73;giardino Poletti Angelo;121807;P214272;Tavolo da pic nic;2010/07/19;9.0986883195;45.4995667552;(45.4995667552, 9.0986883195)
8_073;8;73;giardino Poletti Angelo;121808;P214272;Tavolo da pic nic;2010/07/19;9.0985491845;45.4996426692;(45.4996426692, 9.0985491845)
8_073;8;73;giardino Poletti Angelo;121809;P214272;Tavolo da pic nic;2010/07/19;9.0984095981;45.4997192144;(45.4997192144, 9.0984095981)
6_272;6;272;vie Savona - Brunelleschi;122528;P214272;Tavolo da pic nic;2007/09/28;9.1466643452;45.4470445027;(45.4470445027, 9.1466643452)
6_272;6;272;vie Savona - Brunelleschi;122529;P214272;Tavolo da pic nic;2007/09/28;9.1467691744;45.4470781617;(45.4470781617, 9.1467691744)
7_389;7;389;parco delle Cave;125377;P214272;Tavolo da pic nic;2010/03/23;9.0954477649;45.4654259066;(45.4654259066, 9.0954477649)
7_389;7;389;parco delle Cave;125378;P214272;Tavolo da pic nic;2010/03/23;9.095463645;45.4653832397;(45.4653832397, 9.095463645)
7_389;7;389;parco delle Cave;125379;P214272;Tavolo da pic nic;2010/03/23;9.095572253;45.4654647161;(45.4654647161, 9.095572253)
7_389;7;389;parco delle Cave;125380;P214272;Tavolo da pic nic;2010/03/23;9.0956414057;45.4654818701;(45.4654818701, 9.0956414057)
7_389;7;389;parco delle Cave;125381;P214272;Tavolo da pic nic;2010/03/23;9.0956636764;45.4654451843;(45.4654451843, 9.0956636764)
4_029;4;29;via San Martino Don Carlo;125845;P214272;Tavolo da pic nic;2011/06/21;9.235394003;45.4659638838;(45.4659638838, 9.235394003)
6_175;6;175;parco Giussani Don Luigi;200664;P214272;Tavolo da pic nic;2012/05/30;9.165798321;45.4588846152;(45.4588846152, 9.165798321)
6_175;6;175;parco Giussani Don Luigi;200665;P214272;Tavolo da pic nic;2012/05/30;9.1671291572;45.4571107129;(45.4571107129, 9.1671291572)
9_132;9;132;parco Walter Chiari;201539;P214272;Tavolo da pic nic;2012/06/20;9.1529563834;45.5147998;(45.5147998, 9.1529563834)
9_132;9;132;parco Walter Chiari;201540;P214272;Tavolo da pic nic;2012/06/20;9.1529968778;45.5148486381;(45.5148486381, 9.1529968778)
9_132;9;132;parco Walter Chiari;201541;P214272;Tavolo da pic nic;2012/06/20;9.153964393;45.5144895258;(45.5144895258, 9.153964393)
4_165;4;165;parco Formentano;202354;P214272;Tavolo da pic nic;2012/07/06;9.2157931073;45.4606079987;(45.4606079987, 9.2157931073)
4_165;4;165;parco Formentano;202355;P214272;Tavolo da pic nic;2012/07/06;9.2159718886;45.4603257813;(45.4603257813, 9.2159718886)
5_136;5;136;parco della Resistenza;203787;P214272;Tavolo da pic nic;2012/07/24;9.1824912857;45.4471918036;(45.4471918036, 9.1824912857)
5_136;5;136;parco della Resistenza;203788;P214272;Tavolo da pic nic;2012/07/24;9.1834469048;45.4465855223;(45.4465855223, 9.1834469048)
9_091;9;91;parco Nicolò Savarino;203796;P214272;Tavolo da pic nic;2012/07/24;9.177995944;45.4991662127;(45.4991662127, 9.177995944)
9_091;9;91;parco Nicolò Savarino;203866;P214272;Tavolo da pic nic;2012/07/26;9.1779599939;45.4990393643;(45.4990393643, 9.1779599939)
9_091;9;91;parco Nicolò Savarino;203867;P214272;Tavolo da pic nic;2012/07/26;9.1778589797;45.4989969556;(45.4989969556, 9.1778589797)
5_135;5;135;parco Ravizza;204387;P214272;Tavolo da pic nic;2012/08/30;9.1926609399;45.4475373846;(45.4475373846, 9.1926609399)
5_135;5;135;parco Ravizza;204388;P214272;Tavolo da pic nic;2012/08/30;9.1926609399;45.4475373846;(45.4475373846, 9.1926609399)
5_135;5;135;parco Ravizza;204389;P214272;Tavolo da pic nic;2012/08/30;9.1922535865;45.4479542726;(45.4479542726, 9.1922535865)
5_135;5;135;parco Ravizza;204390;P214272;Tavolo da pic nic;2012/08/30;9.1922535865;45.4479542726;(45.4479542726, 9.1922535865)
5_135;5;135;parco Ravizza;204391;P214272;Tavolo da pic nic;2012/08/30;9.1912655292;45.4469029353;(45.4469029353, 9.1912655292)
5_135;5;135;parco Ravizza;204392;P214272;Tavolo da pic nic;2012/08/30;9.1912655292;45.4469029353;(45.4469029353, 9.1912655292)
4_169;4;169;vie Cadibona - Monte Velino;204398;P214272;Tavolo da pic nic;2012/08/30;9.2272201069;45.4527386189;(45.4527386189, 9.2272201069)
4_169;4;169;vie Cadibona - Monte Velino;204399;P214272;Tavolo da pic nic;2012/08/30;9.2272201069;45.4527386189;(45.4527386189, 9.2272201069)
3_144;3;144;parco Lambro;204401;P214272;Tavolo da pic nic;2012/08/30;9.2456780121;45.4932060074;(45.4932060074, 9.2456780121)
3_144;3;144;parco Lambro;204402;P214272;Tavolo da pic nic;2012/08/30;9.2456978415;45.4933186205;(45.4933186205, 9.2456978415)
2_062;2;62;parco Martiri delle Libertà Iracheni Vittime del Terrorismo;204419;P214272;Tavolo da pic nic;2012/08/30;9.2308187098;45.5030102146;(45.5030102146, 9.2308187098)
2_062;2;62;parco Martiri delle Libertà Iracheni Vittime del Terrorismo;204421;P214272;Tavolo da pic nic;2012/08/30;9.2306024081;45.5031940977;(45.5031940977, 9.2306024081)
2_062;2;62;parco Martiri delle Libertà Iracheni Vittime del Terrorismo;204423;P214272;Tavolo da pic nic;2012/08/30;9.2314219718;45.5038045127;(45.5038045127, 9.2314219718)
7_350;7;350;via Tofano;204489;P214272;Tavolo da pic nic;2012/08/31;9.0942728152;45.4787644319;(45.4787644319, 9.0942728152)
7_348;7;348;via Engels;204490;P214272;Tavolo da pic nic;2012/08/31;9.1109067678;45.4760549745;(45.4760549745, 9.1109067678)
7_348;7;348;via Engels;204491;P214272;Tavolo da pic nic;2012/08/31;9.1106858595;45.4757579864;(45.4757579864, 9.1106858595)
7_350;7;350;via Tofano;204492;P214272;Tavolo da pic nic;2012/08/31;9.0942975342;45.4789021927;(45.4789021927, 9.0942975342)
3_227;3;227;via Valvassori Peroni;204588;P214272;Tavolo da pic nic;2012/09/13;9.2369941764;45.4798229087;(45.4798229087, 9.2369941764)
3_227;3;227;via Valvassori Peroni;204589;P214272;Tavolo da pic nic;2012/09/13;9.2368166967;45.479640721;(45.479640721, 9.2368166967)
4_229;4;229;via Oglio n. 18;204590;P214272;Tavolo da pic nic;2012/09/13;9.2171738023;45.4408931562;(45.4408931562, 9.2171738023)
4_229;4;229;via Oglio n. 18;204591;P214272;Tavolo da pic nic;2012/09/13;9.2170676167;45.4407992549;(45.4407992549, 9.2170676167)
2_231;2;231;viale Monza;204601;P214272;Tavolo da pic nic;2012/09/14;9.223010621;45.5085813949;(45.5085813949, 9.223010621)
2_231;2;231;viale Monza;204602;P214272;Tavolo da pic nic;2012/09/14;9.2227041535;45.5086007352;(45.5086007352, 9.2227041535)
1_121;1;121;giardini Montanelli Indro;207684;P214272;Tavolo da pic nic;2011/09/28;9.1975926773;45.4754302987;(45.4754302987, 9.1975926773)
1_121;1;121;giardini Montanelli Indro;207685;P214272;Tavolo da pic nic;2011/09/28;9.197704797;45.4753427464;(45.4753427464, 9.197704797)
1_121;1;121;giardini Montanelli Indro;207686;P214272;Tavolo da pic nic;2011/09/28;9.1976859939;45.4754179714;(45.4754179714, 9.1976859939)
1_121;1;121;giardini Montanelli Indro;207687;P214272;Tavolo da pic nic;2011/09/28;9.1976781974;45.4754849886;(45.4754849886, 9.1976781974)
1_153;1;153;giardino della Guastalla;207688;P214272;Tavolo da pic nic;2013/01/31;9.1980334679;45.4603357425;(45.4603357425, 9.1980334679)
1_153;1;153;giardino della Guastalla;207689;P214272;Tavolo da pic nic;2013/01/31;9.1980619335;45.4602826018;(45.4602826018, 9.1980619335)
4_250;4;250;piazza Bologna - via Sceiwiller - Bacchiglione;207690;P214272;Tavolo da pic nic;2013/01/31;9.2234175903;45.4460864717;(45.4460864717, 9.2234175903)
4_250;4;250;piazza Bologna - via Sceiwiller - Bacchiglione;207691;P214272;Tavolo da pic nic;2013/01/31;9.2234247924;45.4460325466;(45.4460325466, 9.2234247924)
4_180;4;180;viale Lazio;207699;P214272;Tavolo da pic nic;2012/12/21;9.2068039352;45.4557640056;(45.4557640056, 9.2068039352)
4_180;4;180;viale Lazio;207700;P214272;Tavolo da pic nic;2012/12/21;9.2067492312;45.4556973279;(45.4556973279, 9.2067492312)
4_180;4;180;viale Lazio;207701;P214272;Tavolo da pic nic;2012/12/21;9.2078208497;45.4553637784;(45.4553637784, 9.2078208497)
4_180;4;180;viale Lazio;207702;P214272;Tavolo da pic nic;2012/12/21;9.2077641328;45.4552915946;(45.4552915946, 9.2077641328)
7_389;7;389;parco delle Cave;208648;P214272;Tavolo da pic nic;2013/02/12;9.1020678577;45.4627604909;(45.4627604909, 9.1020678577)
7_389;7;389;parco delle Cave;208649;P214272;Tavolo da pic nic;2013/02/12;9.1021995549;45.4627414708;(45.4627414708, 9.1021995549)
7_389;7;389;parco delle Cave;208650;P214272;Tavolo da pic nic;2013/02/12;9.1024400702;45.4629012347;(45.4629012347, 9.1024400702)
7_389;7;389;parco delle Cave;208651;P214272;Tavolo da pic nic;2013/02/12;9.1024881896;45.4627949509;(45.4627949509, 9.1024881896)
7_389;7;389;parco delle Cave;208652;P214272;Tavolo da pic nic;2013/02/12;9.1024669071;45.4627383585;(45.4627383585, 9.1024669071)
7_389;7;389;parco delle Cave;208653;P214272;Tavolo da pic nic;2013/02/12;9.1024788844;45.4626969951;(45.4626969951, 9.1024788844)
7_389;7;389;parco delle Cave;208654;P214272;Tavolo da pic nic;2013/02/12;9.1025004673;45.4626633718;(45.4626633718, 9.1025004673)
2_023;2;23;vie Alghero - Nuoro;208761;P214272;Tavolo da pic nic;2012/12/28;9.2277559242;45.5036550903;(45.5036550903, 9.2277559242)
2_023;2;23;vie Alghero - Nuoro;208762;P214272;Tavolo da pic nic;2012/12/28;9.2277980383;45.5035213986;(45.5035213986, 9.2277980383)
8_499;8;499;parco Industria Alfa Romeo - Portello;211031;P214272;Tavolo da pic nic;2012/12/06;9.1446076339;45.488144942;(45.488144942, 9.1446076339)
8_499;8;499;parco Industria Alfa Romeo - Portello;211032;P214272;Tavolo da pic nic;2012/12/06;9.1447706476;45.4882323225;(45.4882323225, 9.1447706476)
8_499;8;499;parco Industria Alfa Romeo - Portello;211033;P214272;Tavolo da pic nic;2012/12/06;9.1449290774;45.4883446589;(45.4883446589, 9.1449290774)
9_305;9;305;vie Zubiani - Crespi;211251;P214272;Tavolo da pic nic;2013/05/30;9.1873184416;45.5062257558;(45.5062257558, 9.1873184416)
9_305;9;305;vie Zubiani - Crespi;211252;P214272;Tavolo da pic nic;2013/05/30;9.1874296662;45.5062091242;(45.5062091242, 9.1874296662)
9_280;9;280;giardino Maria Peron e suor Giovanna Mosna;211291;P214272;Tavolo da pic nic;2011/11/01;9.1960439694;45.5214992559;(45.5214992559, 9.1960439694)
9_280;9;280;giardino Maria Peron e suor Giovanna Mosna;211292;P214272;Tavolo da pic nic;2011/11/01;9.1960315765;45.5215332792;(45.5215332792, 9.1960315765)
9_280;9;280;giardino Maria Peron e suor Giovanna Mosna;211293;P214272;Tavolo da pic nic;2011/11/01;9.1960160426;45.521570402;(45.521570402, 9.1960160426)
9_280;9;280;giardino Maria Peron e suor Giovanna Mosna;211294;P214272;Tavolo da pic nic;2011/11/01;9.1960006126;45.5216121889;(45.5216121889, 9.1960006126)
2_187;2;187;quartiere Adriano;211576;P214272;Tavolo da pic nic;2018/05/17;9.2469696843;45.5169855552;(45.5169855552, 9.2469696843)
3_050;3;50;giardino Polotti Giulio;211817;P214272;Tavolo da pic nic;2013/07/17;9.2200155792;45.4836317078;(45.4836317078, 9.2200155792)
3_050;3;50;giardino Polotti Giulio;211818;P214272;Tavolo da pic nic;2013/07/17;9.2200154365;45.4835950679;(45.4835950679, 9.2200154365)
4_131;4;131;parco Cassinis;214048;P214272;Tavolo da pic nic;2013/09/30;9.2327113966;45.4340636138;(45.4340636138, 9.2327113966)
4_131;4;131;parco Cassinis;214049;P214272;Tavolo da pic nic;2013/09/30;9.2327122466;45.4340276294;(45.4340276294, 9.2327122466)
4_131;4;131;parco Cassinis;214050;P214272;Tavolo da pic nic;2013/09/30;9.2332022481;45.4336644227;(45.4336644227, 9.2332022481)
4_131;4;131;parco Cassinis;214051;P214272;Tavolo da pic nic;2013/09/30;9.2332062553;45.433621736;(45.433621736, 9.2332062553)
4_131;4;131;parco Cassinis;214052;P214272;Tavolo da pic nic;2013/09/30;9.2336133923;45.4333054947;(45.4333054947, 9.2336133923)
4_131;4;131;parco Cassinis;214053;P214272;Tavolo da pic nic;2013/09/30;9.2337683642;45.4322858757;(45.4322858757, 9.2337683642)
4_165;4;165;parco Formentano;214273;P214272;Tavolo da pic nic;2013/12/24;9.2150283745;45.4616422578;(45.4616422578, 9.2150283745)
4_165;4;165;parco Formentano;214274;P214272;Tavolo da pic nic;2013/12/24;9.2148962537;45.461815032;(45.461815032, 9.2148962537)
7_244;7;244;parco Aldo Aniasi;216004;P214272;Tavolo da pic nic;2014/04/11;9.1055218037;45.4905793721;(45.4905793721, 9.1055218037)
7_244;7;244;parco Aldo Aniasi;216005;P214272;Tavolo da pic nic;2014/04/11;9.1055980178;45.4906209746;(45.4906209746, 9.1055980178)
2_258;2;258;giardino Franca Rame;218354;P214272;Tavolo da pic nic;2014/05/17;9.2369635311;45.5144853074;(45.5144853074, 9.2369635311)
2_258;2;258;giardino Franca Rame;218355;P214272;Tavolo da pic nic;2014/05/17;9.2369946305;45.5144611254;(45.5144611254, 9.2369946305)
2_258;2;258;giardino Franca Rame;218356;P214272;Tavolo da pic nic;2014/05/17;9.2369865973;45.5144297158;(45.5144297158, 9.2369865973)
7_389;7;389;parco delle Cave;220506;P214272;Tavolo da pic nic;2014/08/14;9.1022363382;45.4630571124;(45.4630571124, 9.1022363382)
7_389;7;389;parco delle Cave;220507;P214272;Tavolo da pic nic;2014/08/14;9.1018359454;45.4630389258;(45.4630389258, 9.1018359454)
7_389;7;389;parco delle Cave;220508;P214272;Tavolo da pic nic;2014/08/14;9.1018244679;45.4627541352;(45.4627541352, 9.1018244679)
7_389;7;389;parco delle Cave;220509;P214272;Tavolo da pic nic;2014/12/01;9.1022218108;45.4627245997;(45.4627245997, 9.1022218108)
9_111;9;111;via Maffucci n. 60;220559;P214272;Tavolo da pic nic;2014/06/10;9.172178566;45.5023353227;(45.5023353227, 9.172178566)
9_111;9;111;via Maffucci n. 60;220560;P214272;Tavolo da pic nic;2014/06/10;9.1721183289;45.5022934989;(45.5022934989, 9.1721183289)
9_111;9;111;via Maffucci n. 60;220561;P214272;Tavolo da pic nic;2014/06/10;9.1721986813;45.5022645033;(45.5022645033, 9.1721986813)
9_111;9;111;via Maffucci n. 60;220562;P214272;Tavolo da pic nic;2014/06/10;9.1722024752;45.5022023555;(45.5022023555, 9.1722024752)
9_111;9;111;via Maffucci n. 60;220563;P214272;Tavolo da pic nic;2014/06/10;9.1721384789;45.5022322579;(45.5022322579, 9.1721384789)
6_055;6;55;via San Colombano n. 8;222183;P214272;Tavolo da pic nic;2015/01/27;9.1257110406;45.4385644611;(45.4385644611, 9.1257110406)
8_071;8;71;piazzale Lotto;223425;P214272;Tavolo da pic nic;2015/06/05;9.1441317913;45.4798063882;(45.4798063882, 9.1441317913)
8_071;8;71;piazzale Lotto;223426;P214272;Tavolo da pic nic;2015/06/05;9.144128255;45.4797773597;(45.4797773597, 9.144128255)
8_071;8;71;piazzale Lotto;223427;P214272;Tavolo da pic nic;2015/06/05;9.144102715;45.4797509186;(45.4797509186, 9.144102715)
6_067;6;67;vie Danusso - De Finetti;224678;P214272;Tavolo da pic nic;2015/05/13;9.1595162074;45.4248320562;(45.4248320562, 9.1595162074)
6_067;6;67;vie Danusso - De Finetti;224679;P214272;Tavolo da pic nic;2015/05/13;9.1596552202;45.4253099148;(45.4253099148, 9.1596552202)
6_067;6;67;vie Danusso - De Finetti;224680;P214272;Tavolo da pic nic;2015/05/13;9.1596427697;45.4252888419;(45.4252888419, 9.1596427697)
6_067;6;67;vie Danusso - De Finetti;224681;P214272;Tavolo da pic nic;2015/05/13;9.1597047478;45.425296867;(45.425296867, 9.1597047478)
6_067;6;67;vie Danusso - De Finetti;224682;P214272;Tavolo da pic nic;2015/05/13;9.1596937341;45.4252743725;(45.4252743725, 9.1596937341)
6_067;6;67;vie Danusso - De Finetti;224683;P214272;Tavolo da pic nic;2015/05/13;9.1600888297;45.4255699969;(45.4255699969, 9.1600888297)
8_287;8;287;via Val Trompia n. 45a;224898;P214272;Tavolo da pic nic;2015/07/30;9.1352263688;45.519807649;(45.519807649, 9.1352263688)
4_191;4;191;via Anfossi;225146;P214272;Tavolo da pic nic;2015/09/04;9.212500476;45.4590987087;(45.4590987087, 9.212500476)
8_530;8;530;vie Perin del Vaga - Polidoro da Caravaggio;226006;P214272;Tavolo da pic nic;2015/11/27;9.1357099999;45.4993415018;(45.4993415018, 9.1357099999)
7_416;7;416;vie Colombi - Bentivoglio - Viterbo;226470;P214272;Tavolo da pic nic;2015/11/24;9.1121311724;45.4575561712;(45.4575561712, 9.1121311724)
7_416;7;416;vie Colombi - Bentivoglio - Viterbo;226471;P214272;Tavolo da pic nic;2015/11/24;9.112154679;45.457479978;(45.457479978, 9.112154679)
7_416;7;416;vie Colombi - Bentivoglio - Viterbo;226472;P214272;Tavolo da pic nic;2015/11/24;9.1121719407;45.4574359599;(45.4574359599, 9.1121719407)
7_416;7;416;vie Colombi - Bentivoglio - Viterbo;226473;P214272;Tavolo da pic nic;2015/11/24;9.1121062055;45.457426041;(45.457426041, 9.1121062055)
7_416;7;416;vie Colombi - Bentivoglio - Viterbo;226474;P214272;Tavolo da pic nic;2015/11/24;9.1120926224;45.457469316;(45.457469316, 9.1120926224)
7_416;7;416;vie Colombi - Bentivoglio - Viterbo;226475;P214272;Tavolo da pic nic;2015/11/24;9.1120633357;45.4575469938;(45.4575469938, 9.1120633357)
6_237;6;237;parco dei Fontanili;227246;P214272;Tavolo da pic nic;2015/08/30;9.1039071567;45.4505851738;(45.4505851738, 9.1039071567)
6_237;6;237;parco dei Fontanili;227247;P214272;Tavolo da pic nic;2015/08/30;9.1039896905;45.4506030681;(45.4506030681, 9.1039896905)
2_036;2;36;vie Giacometti - Gilardi - Breda;227661;P214272;Tavolo da pic nic;2016/03/22;9.2192943389;45.513877213;(45.513877213, 9.2192943389)
1_092;1;92;giardino Roberto Bazlen;228540;P214272;Tavolo da pic nic;2016/03/21;9.1970375761;45.4540139031;(45.4540139031, 9.1970375761)
1_345;1;345;giardino Pippa Bacca;228541;P214272;Tavolo da pic nic;2016/03/21;9.1829178099;45.4769734624;(45.4769734624, 9.1829178099)
7_073;7;73;parco in Memoria delle vittime Italiane nei Gulag;228542;P214272;Tavolo da pic nic;2016/03/21;9.0966068137;45.4555976069;(45.4555976069, 9.0966068137)
6_031;6;31;vie Cascina Bianca - De Pretis - Danusso - Finetti;228543;P214272;Tavolo da pic nic;2016/03/25;9.1557726341;45.4269008294;(45.4269008294, 9.1557726341)
9_148;9;148;parco Villa Litta;228545;P214272;Tavolo da pic nic;2016/03/25;9.1661071875;45.5158832888;(45.5158832888, 9.1661071875)
9_148;9;148;parco Villa Litta;228547;P214272;Tavolo da pic nic;2016/03/25;9.1657385074;45.515814405;(45.515814405, 9.1657385074)
4_202;4;202;piazza Insubria;228561;P214272;Tavolo da pic nic;2016/04/28;9.220131222;45.4529321444;(45.4529321444, 9.220131222)
4_165;4;165;parco Formentano;228670;P214272;Tavolo da pic nic;2016/03/21;9.2148743371;45.4618054268;(45.4618054268, 9.2148743371)
4_130;4;130;via Veneziano;228671;P214272;Tavolo da pic nic;2016/04/16;9.2266767688;45.4427381608;(45.4427381608, 9.2266767688)
4_287;4;287;giardino Candia Marcello;228672;P214272;Tavolo da pic nic;2016/03/21;9.2145326324;45.44694819;(45.44694819, 9.2145326324)
5_135;5;135;parco Ravizza;228673;P214272;Tavolo da pic nic;2016/03/21;9.1928439102;45.4480031989;(45.4480031989, 9.1928439102)
5_189;5;189;via Tibaldi n. 41;228674;P214272;Tavolo da pic nic;2016/03/21;9.1835149624;45.445299325;(45.445299325, 9.1835149624)
7_051;7;51;parco Fanciullo;228675;P214272;Tavolo da pic nic;2016/03/21;9.1073530119;45.4750324846;(45.4750324846, 9.1073530119)
8_102;8;102;piazza Santa Maria Nascente n. 30;228684;P214272;Tavolo da pic nic;2016/03/25;9.1331743501;45.4873161888;(45.4873161888, 9.1331743501)
8_073;8;73;giardino Poletti Angelo;228685;P214272;Tavolo da pic nic;2016/03/25;9.0984697831;45.4996795604;(45.4996795604, 9.0984697831)
6_082;6;82;giardino Alberto Moravia;228690;P214272;Tavolo da pic nic;2016/03/21;9.1261305341;45.4566665681;(45.4566665681, 9.1261305341)
3_004;3;4;via Illirico;228691;P214272;Tavolo da pic nic;2016/03/21;9.2331055443;45.469893255;(45.469893255, 9.2331055443)
2_036;2;36;vie Giacometti - Gilardi - Breda;228692;P214272;Tavolo da pic nic;2016/03/21;9.2191003508;45.5138900761;(45.5138900761, 9.2191003508)
3_006;3;6;giardino Ramelli Sergio;228694;P214272;Tavolo da pic nic;2016/03/21;9.2201918295;45.4764023019;(45.4764023019, 9.2201918295)
9_206;9;206;via Iseo n. 10;229300;P214272;Tavolo da pic nic;2016/06/08;9.1730129661;45.5210204844;(45.5210204844, 9.1730129661)
9_206;9;206;via Iseo n. 10;229301;P214272;Tavolo da pic nic;2016/06/08;9.1730798275;45.5209753974;(45.5209753974, 9.1730798275)
9_206;9;206;via Iseo n. 10;229302;P214272;Tavolo da pic nic;2016/06/08;9.1733830015;45.5209811805;(45.5209811805, 9.1733830015)
2_274;2;274;via Sammartini;229361;P214272;Tavolo da pic nic;2015/12/29;9.215028719;45.4988690207;(45.4988690207, 9.215028719)
3_250;3;250;via Pitteri;229990;P214272;Tavolo da pic nic;2015/02/01;9.2457051436;45.4805562996;(45.4805562996, 9.2457051436)
3_250;3;250;via Pitteri;229991;P214272;Tavolo da pic nic;2015/02/01;9.2457316783;45.4805598677;(45.4805598677, 9.2457316783)
3_250;3;250;via Pitteri;230473;P214272;Tavolo da pic nic;2015/02/01;9.2458264944;45.4805846357;(45.4805846357, 9.2458264944)
3_250;3;250;via Pitteri;230474;P214272;Tavolo da pic nic;2015/02/01;9.2458478877;45.4805995935;(45.4805995935, 9.2458478877)
3_227;3;227;via Valvassori Peroni;230682;P214272;Tavolo da pic nic;2016/10/18;9.2369908983;45.4798669409;(45.4798669409, 9.2369908983)
1_017;1;17;via Moscova - Fatebenesorelle;232414;P214272;Tavolo da pic nic;2016/06/01;9.1905821682;45.4777614565;(45.4777614565, 9.1905821682)
1_017;1;17;via Moscova - Fatebenesorelle;232415;P214272;Tavolo da pic nic;2016/06/01;9.1905674541;45.4776951511;(45.4776951511, 9.1905674541)
1_017;1;17;via Moscova - Fatebenesorelle;232416;P214272;Tavolo da pic nic;2016/06/01;9.1905748514;45.4777299595;(45.4777299595, 9.1905748514)
1_017;1;17;via Moscova - Fatebenesorelle;232417;P214272;Tavolo da pic nic;2016/06/01;9.1906948458;45.4777503441;(45.4777503441, 9.1906948458)
1_017;1;17;via Moscova - Fatebenesorelle;232418;P214272;Tavolo da pic nic;2016/06/01;9.1908389336;45.4777327476;(45.4777327476, 9.1908389336)
1_017;1;17;via Moscova - Fatebenesorelle;232419;P214272;Tavolo da pic nic;2016/06/01;9.1907377961;45.4777443308;(45.4777443308, 9.1907377961)
1_017;1;17;via Moscova - Fatebenesorelle;232420;P214272;Tavolo da pic nic;2016/06/01;9.1907829069;45.477737262;(45.477737262, 9.1907829069)
8_538;8;538;vie Fabrizi, Cinque Maggio, Aldini, Eritrea;233753;P214272;Tavolo da pic nic;2017/05/18;9.1351068916;45.5107512949;(45.5107512949, 9.1351068916)
8_538;8;538;vie Fabrizi, Cinque Maggio, Aldini, Eritrea;233754;P214272;Tavolo da pic nic;2017/05/18;9.1349945089;45.5107945008;(45.5107945008, 9.1349945089)
8_538;8;538;vie Fabrizi, Cinque Maggio, Aldini, Eritrea;233755;P214272;Tavolo da pic nic;2017/05/18;9.1349619668;45.5107348137;(45.5107348137, 9.1349619668)
8_538;8;538;vie Fabrizi, Cinque Maggio, Aldini, Eritrea;233756;P214272;Tavolo da pic nic;2017/05/18;9.1350001242;45.5106232038;(45.5106232038, 9.1350001242)
8_538;8;538;vie Fabrizi, Cinque Maggio, Aldini, Eritrea;233757;P214272;Tavolo da pic nic;2017/05/18;9.1348754771;45.5106739929;(45.5106739929, 9.1348754771)
8_538;8;538;vie Fabrizi, Cinque Maggio, Aldini, Eritrea;233758;P214272;Tavolo da pic nic;2017/05/18;9.1348427649;45.51082312;(45.51082312, 9.1348427649)
9_141;9;141;viale Fermi Enrico;233989;P214272;Tavolo da pic nic;2017/07/05;9.1776353871;45.5168878516;(45.5168878516, 9.1776353871)
8_538;8;538;vie Fabrizi, Cinque Maggio, Aldini, Eritrea;234173;P214272;Tavolo da pic nic;2017/05/18;9.1351900943;45.5111328045;(45.5111328045, 9.1351900943)
8_538;8;538;vie Fabrizi, Cinque Maggio, Aldini, Eritrea;234174;P214272;Tavolo da pic nic;2017/05/18;9.1352417986;45.510470069;(45.510470069, 9.1352417986)
8_538;8;538;vie Fabrizi, Cinque Maggio, Aldini, Eritrea;234175;P214272;Tavolo da pic nic;2017/05/18;9.1357764638;45.5104430389;(45.5104430389, 9.1357764638)
8_538;8;538;vie Fabrizi, Cinque Maggio, Aldini, Eritrea;234176;P214272;Tavolo da pic nic;2017/05/18;9.1349805438;45.5115072957;(45.5115072957, 9.1349805438)
8_538;8;538;vie Fabrizi, Cinque Maggio, Aldini, Eritrea;234177;P214272;Tavolo da pic nic;2017/05/18;9.1348487067;45.5112581637;(45.5112581637, 9.1348487067)
8_538;8;538;vie Fabrizi, Cinque Maggio, Aldini, Eritrea;234178;P214272;Tavolo da pic nic;2017/05/18;9.1354429987;45.5105185637;(45.5105185637, 9.1354429987)
6_082;6;82;giardino Alberto Moravia;234684;P214272;Tavolo da pic nic;2017/10/10;9.1260956874;45.4567682879;(45.4567682879, 9.1260956874)
5_111;5;111;via Frà Cristoforo;235183;P214272;Tavolo da pic nic;2018/02/02;9.1714687464;45.4362229025;(45.4362229025, 9.1714687464)
3_048;3;48;viale Argonne;235317;P214272;Tavolo da pic nic;2018/02/01;9.2293234325;45.4680481999;(45.4680481999, 9.2293234325)
3_048;3;48;viale Argonne;235318;P214272;Tavolo da pic nic;2018/02/01;9.2293799416;45.4680532234;(45.4680532234, 9.2293799416)
3_048;3;48;viale Argonne;235319;P214272;Tavolo da pic nic;2018/02/01;9.2293810419;45.4680996532;(45.4680996532, 9.2293810419)
3_048;3;48;viale Argonne;235320;P214272;Tavolo da pic nic;2018/02/01;9.2293795465;45.4680772268;(45.4680772268, 9.2293795465)
3_048;3;48;viale Argonne;235321;P214272;Tavolo da pic nic;2018/02/01;9.2293254345;45.4680753283;(45.4680753283, 9.2293254345)
8_544;8;544;giardino Rosa Genoni;235898;P214272;Tavolo da pic nic;2018/06/11;9.0989152481;45.492154034;(45.492154034, 9.0989152481)
8_544;8;544;giardino Rosa Genoni;235899;P214272;Tavolo da pic nic;2018/06/11;9.0989495601;45.4921606874;(45.4921606874, 9.0989495601)
8_544;8;544;giardino Rosa Genoni;235900;P214272;Tavolo da pic nic;2018/06/11;9.0989801351;45.492166628;(45.492166628, 9.0989801351)
8_544;8;544;giardino Rosa Genoni;235901;P214272;Tavolo da pic nic;2018/06/11;9.0988007636;45.4921328902;(45.4921328902, 9.0988007636)
8_544;8;544;giardino Rosa Genoni;235902;P214272;Tavolo da pic nic;2018/06/11;9.0987549018;45.4921243372;(45.4921243372, 9.0987549018)
8_544;8;544;giardino Rosa Genoni;235903;P214272;Tavolo da pic nic;2018/06/11;9.0987114197;45.4921172143;(45.4921172143, 9.0987114197)
5_068;5;68;parco Chiesa Rossa;236339;P214272;Tavolo da pic nic;2018/10/03;9.1741620376;45.4309337687;(45.4309337687, 9.1741620376)
3_215;3;215;parco della Lambretta;236372;P214272;Tavolo da pic nic;2018/10/20;9.2511952892;45.4803130908;(45.4803130908, 9.2511952892)
3_215;3;215;parco della Lambretta;236373;P214272;Tavolo da pic nic;2018/10/20;9.2511253189;45.4804697008;(45.4804697008, 9.2511253189)
3_227;3;227;via Valvassori Peroni;236799;P214272;Tavolo da pic nic;2018/10/19;9.2372830334;45.4799000569;(45.4799000569, 9.2372830334)
3_227;3;227;via Valvassori Peroni;236800;P214272;Tavolo da pic nic;2018/10/19;9.2375688279;45.4799497174;(45.4799497174, 9.2375688279)
9_460;9;460;giardino Catella;237037;P214272;Tavolo da pic nic;2017/04/01;9.1935232581;45.4853483552;(45.4853483552, 9.1935232581)
9_460;9;460;giardino Catella;237038;P214272;Tavolo da pic nic;2017/04/01;9.1933927641;45.4852742337;(45.4852742337, 9.1933927641)
9_460;9;460;giardino Catella;237039;P214272;Tavolo da pic nic;2017/04/01;9.1933420246;45.4852866326;(45.4852866326, 9.1933420246)
9_460;9;460;giardino Catella;237040;P214272;Tavolo da pic nic;2017/04/01;9.1932964573;45.485260515;(45.485260515, 9.1932964573)
9_460;9;460;giardino Catella;237041;P214272;Tavolo da pic nic;2017/04/01;9.1933023131;45.4852194654;(45.4852194654, 9.1933023131)
9_460;9;460;giardino Catella;237042;P214272;Tavolo da pic nic;2017/04/01;9.1934643267;45.4853518169;(45.4853518169, 9.1934643267)
9_460;9;460;giardino Catella;237043;P214272;Tavolo da pic nic;2017/04/01;9.1934983353;45.4853711371;(45.4853711371, 9.1934983353)
8_207;8;207;via Triboniano;238565;P214272;Tavolo da pic nic;2019/04/11;9.127197529;45.5071790009;(45.5071790009, 9.127197529)
8_207;8;207;via Triboniano;238566;P214272;Tavolo da pic nic;2019/04/11;9.1272787262;45.5071557377;(45.5071557377, 9.1272787262)
8_207;8;207;via Triboniano;238567;P214272;Tavolo da pic nic;2019/04/11;9.1273641461;45.5071576567;(45.5071576567, 9.1273641461)
8_207;8;207;via Triboniano;238568;P214272;Tavolo da pic nic;2019/04/11;9.1275166655;45.5071423089;(45.5071423089, 9.1275166655)
6_158;6;158;giardino Artemisia Gentileschi;238970;P214272;Tavolo da pic nic;2019/03/29;9.1282894816;45.4598259567;(45.4598259567, 9.1282894816)
7_112;7;112;parco di Baggio;238972;P214272;Tavolo da pic nic;2019/05/23;9.0891730839;45.4640718636;(45.4640718636, 9.0891730839)
7_112;7;112;parco di Baggio;238973;P214272;Tavolo da pic nic;2019/05/23;9.0892087407;45.4640114977;(45.4640114977, 9.0892087407)
6_175;6;175;parco Giussani Don Luigi;239006;P214272;Tavolo da pic nic;2019/05/31;9.1658710048;45.4589790714;(45.4589790714, 9.1658710048)
3_157;3;157;via Pini n. 2;239115;P214272;Tavolo da pic nic;2018/04/17;9.24148497;45.4844193637;(45.4844193637, 9.24148497)
3_157;3;157;via Pini n. 2;239116;P214272;Tavolo da pic nic;2018/04/17;9.2414648921;45.4844112135;(45.4844112135, 9.2414648921)
9_302;9;302;via Val Cismon n. 9;239157;P214272;Tavolo da pic nic;2019/07/19;9.1942666959;45.5057743296;(45.5057743296, 9.1942666959)
1_092;1;92;giardino Roberto Bazlen;239239;P214272;Tavolo da pic nic;2019/08/13;9.1968195509;45.4544620747;(45.4544620747, 9.1968195509)
4_229;4;229;via Oglio n. 18;239245;P214272;Tavolo da pic nic;2019/08/22;9.2171647076;45.4409071644;(45.4409071644, 9.2171647076)
4_229;4;229;via Oglio n. 18;239246;P214272;Tavolo da pic nic;2019/08/22;9.2170678419;45.4408200721;(45.4408200721, 9.2170678419)
3_036;3;36;vie Golgi - Secondo B.U.;239471;P214272;Tavolo da pic nic;2019/09/02;9.2347168454;45.476946526;(45.476946526, 9.2347168454)
3_036;3;36;vie Golgi - Secondo B.U.;239472;P214272;Tavolo da pic nic;2019/09/02;9.2347162129;45.4769980286;(45.4769980286, 9.2347162129)
9_404;9;404;viale Cà Granda - Testi - Guarini Matteucci;239727;P214272;Tavolo da pic nic;2019/11/12;9.1992577093;45.5061987005;(45.5061987005, 9.1992577093)
7_330;7;330;via Osteno n. 2/a;239739;P214272;Tavolo da pic nic;2019/12/02;9.1134533824;45.4608084016;(45.4608084016, 9.1134533824)
6_036;6;36;vie Rimini - La Spezia - Famagosta;239745;P214272;Tavolo da pic nic;2019/12/04;9.171771857;45.4393517501;(45.4393517501, 9.171771857)
7_016;7;16;vie Zoia Fratelli - Rossellini - Arioli Venegoni;239877;P214272;Tavolo da pic nic;2019/09/28;9.11043962;45.4695370465;(45.4695370465, 9.11043962)
7_016;7;16;vie Zoia Fratelli - Rossellini - Arioli Venegoni;239878;P214272;Tavolo da pic nic;2019/09/28;9.1102452986;45.4694838693;(45.4694838693, 9.1102452986)
7_016;7;16;vie Zoia Fratelli - Rossellini - Arioli Venegoni;239879;P214272;Tavolo da pic nic;2019/09/28;9.1100800548;45.4694386436;(45.4694386436, 9.1100800548)
9_428;9;428;vie Sarca - Emanueli;240143;P214272;Tavolo da pic nic;2020/03/13;9.2085574528;45.5149068792;(45.5149068792, 9.2085574528)
9_428;9;428;vie Sarca - Emanueli;240144;P214272;Tavolo da pic nic;2020/03/13;9.2087572633;45.5152594598;(45.5152594598, 9.2087572633)
9_428;9;428;vie Sarca - Emanueli;240145;P214272;Tavolo da pic nic;2020/03/13;9.2095271905;45.5166141041;(45.5166141041, 9.2095271905)
9_428;9;428;vie Sarca - Emanueli;240146;P214272;Tavolo da pic nic;2020/03/13;9.2098252254;45.5171413082;(45.5171413082, 9.2098252254)
6_034;6;34;vie Filippo da Liscate - Russoli;240310;P214272;Tavolo da pic nic;2019/09/01;9.1639323947;45.4412196263;(45.4412196263, 9.1639323947)
6_034;6;34;vie Filippo da Liscate - Russoli;240311;P214272;Tavolo da pic nic;2019/09/01;9.1639161403;45.4411561333;(45.4411561333, 9.1639161403)
6_034;6;34;vie Filippo da Liscate - Russoli;240312;P214272;Tavolo da pic nic;2019/09/01;9.1639269491;45.4411889525;(45.4411889525, 9.1639269491)
6_034;6;34;vie Filippo da Liscate - Russoli;240313;P214272;Tavolo da pic nic;2019/09/01;9.1639114428;45.4411195374;(45.4411195374, 9.1639114428)
6_034;6;34;vie Filippo da Liscate - Russoli;240314;P214272;Tavolo da pic nic;2019/09/01;9.1639021536;45.4410829481;(45.4410829481, 9.1639021536)
6_034;6;34;vie Filippo da Liscate - Russoli;240315;P214272;Tavolo da pic nic;2019/09/01;9.1638936329;45.4410474342;(45.4410474342, 9.1638936329)
6_034;6;34;vie Filippo da Liscate - Russoli;240316;P214272;Tavolo da pic nic;2019/09/01;9.1639440514;45.4412607225;(45.4412607225, 9.1639440514)
4_330;4;330;giardino Norma Cossetto;240360;P214272;Tavolo da pic nic;2019/10/01;9.2172608461;45.4499024141;(45.4499024141, 9.2172608461)
4_330;4;330;giardino Norma Cossetto;240361;P214272;Tavolo da pic nic;2019/10/01;9.217212804;45.4499157839;(45.4499157839, 9.217212804)
4_209;4;209;piazza Ferrara;240589;P214272;Tavolo da pic nic;2020/07/31;9.2199328214;45.4376377867;(45.4376377867, 9.2199328214)
4_209;4;209;piazza Ferrara;240590;P214272;Tavolo da pic nic;2020/07/31;9.2198976576;45.4376337302;(45.4376337302, 9.2198976576)
3_116;3;116;giardino Lucarelli Ezio;240764;P214272;Tavolo da pic nic;2020/09/11;9.2461404198;45.4879766971;(45.4879766971, 9.2461404198)
3_116;3;116;giardino Lucarelli Ezio;240765;P214272;Tavolo da pic nic;2020/09/11;9.2461640112;45.4881623642;(45.4881623642, 9.2461640112)
3_116;3;116;giardino Lucarelli Ezio;240766;P214272;Tavolo da pic nic;2020/09/11;9.2461392486;45.4881859159;(45.4881859159, 9.2461392486)
8_083;8;83;via Borsa n. 16;240799;P214272;Tavolo da pic nic;2020/09/30;9.1037292873;45.5010300121;(45.5010300121, 9.1037292873)
8_083;8;83;via Borsa n. 16;240800;P214272;Tavolo da pic nic;2020/09/30;9.1036994171;45.5010111547;(45.5010111547, 9.1036994171)
8_083;8;83;via Borsa n. 16;240801;P214272;Tavolo da pic nic;2020/09/30;9.1036727583;45.5009955863;(45.5009955863, 9.1036727583)
8_083;8;83;via Borsa n. 16;240802;P214272;Tavolo da pic nic;2020/09/30;9.1036339919;45.5009737453;(45.5009737453, 9.1036339919)
6_060;6;60;via Watt n. 39;240808;P214272;Tavolo da pic nic;2020/10/12;9.1502583946;45.4429109977;(45.4429109977, 9.1502583946)
7_138;7;138;via Valle Antrona n. 12;240814;P214272;Tavolo da pic nic;2020/08/19;9.0881358795;45.4563412266;(45.4563412266, 9.0881358795)
7_138;7;138;via Valle Antrona n. 12;240815;P214272;Tavolo da pic nic;2020/08/19;9.0882891855;45.4562792187;(45.4562792187, 9.0882891855)
7_138;7;138;via Valle Antrona n. 12;240816;P214272;Tavolo da pic nic;2020/08/19;9.0883634319;45.4562988346;(45.4562988346, 9.0883634319)
7_138;7;138;via Valle Antrona n. 12;240817;P214272;Tavolo da pic nic;2020/08/19;9.0885004287;45.4563442111;(45.4563442111, 9.0885004287)
7_138;7;138;via Valle Antrona n. 12;240818;P214272;Tavolo da pic nic;2020/08/19;9.0884886886;45.4563695652;(45.4563695652, 9.0884886886)
5_104;5;104;via Sant'Abbondio n. 27;240838;P214272;Tavolo da pic nic;2020/09/25;9.1737014268;45.425416158;(45.425416158, 9.1737014268)
5_104;5;104;via Sant'Abbondio n. 27;240839;P214272;Tavolo da pic nic;2020/09/25;9.173701362;45.4253950184;(45.4253950184, 9.173701362)
5_104;5;104;via Sant'Abbondio n. 27;240840;P214272;Tavolo da pic nic;2020/09/25;9.1737001853;45.4253738805;(45.4253738805, 9.1737001853)
5_104;5;104;via Sant'Abbondio n. 27;240841;P214272;Tavolo da pic nic;2020/09/25;9.1736879136;45.4257230957;(45.4257230957, 9.1736879136)
5_104;5;104;via Sant'Abbondio n. 27;240842;P214272;Tavolo da pic nic;2020/09/25;9.1736913093;45.4257426643;(45.4257426643, 9.1736913093)
3_041;3;41;via Bazzini;241069;P214272;Tavolo da pic nic;2020/12/04;9.225711277;45.4828406219;(45.4828406219, 9.225711277)
6_054;6;54;via Salerno n. 1;241100;P214272;Tavolo da pic nic;2020/08/12;9.148098249;45.4379266936;(45.4379266936, 9.148098249)
6_054;6;54;via Salerno n. 1;241101;P214272;Tavolo da pic nic;2020/08/12;9.1480658351;45.4379503133;(45.4379503133, 9.1480658351)
6_054;6;54;via Salerno n. 1;241102;P214272;Tavolo da pic nic;2020/08/12;9.1484789079;45.4379590652;(45.4379590652, 9.1484789079)
6_054;6;54;via Salerno n. 1;241103;P214272;Tavolo da pic nic;2020/08/12;9.1484779755;45.4379905033;(45.4379905033, 9.1484779755)
6_054;6;54;via Salerno n. 1;241104;P214272;Tavolo da pic nic;2020/08/12;9.1485296765;45.4383555325;(45.4383555325, 9.1485296765)
7_448;7;448;vie Rasario - Silla;241549;P214272;Tavolo da pic nic;;9.0766160474;45.490953423;(45.490953423, 9.0766160474)
7_448;7;448;vie Rasario - Silla;241550;P214272;Tavolo da pic nic;;9.0765364173;45.490931985;(45.490931985, 9.0765364173)
7_448;7;448;vie Rasario - Silla;241551;P214272;Tavolo da pic nic;;9.0771796397;45.4910994383;(45.4910994383, 9.0771796397)
7_448;7;448;vie Rasario - Silla;241552;P214272;Tavolo da pic nic;;9.0775420017;45.4912103126;(45.4912103126, 9.0775420017)
7_448;7;448;vie Rasario - Silla;241553;P214272;Tavolo da pic nic;;9.0778457112;45.4914077033;(45.4914077033, 9.0778457112)
7_448;7;448;vie Rasario - Silla;241554;P214272;Tavolo da pic nic;;9.0774402856;45.4911988569;(45.4911988569, 9.0774402856)
7_448;7;448;vie Rasario - Silla;241555;P214272;Tavolo da pic nic;;9.0773573777;45.4911581082;(45.4911581082, 9.0773573777)
7_448;7;448;vie Rasario - Silla;241556;P214272;Tavolo da pic nic;;9.077858863;45.4913079964;(45.4913079964, 9.077858863)
7_448;7;448;vie Rasario - Silla;241571;P214272;Tavolo da pic nic;;9.0778628556;45.4913376513;(45.4913376513, 9.0778628556)
7_448;7;448;vie Rasario - Silla;241572;P214272;Tavolo da pic nic;;9.0777986856;45.4913349297;(45.4913349297, 9.0777986856)
7_448;7;448;vie Rasario - Silla;241573;P214272;Tavolo da pic nic;;9.0779125434;45.4914060913;(45.4914060913, 9.0779125434)
7_448;7;448;vie Rasario - Silla;241574;P214272;Tavolo da pic nic;;9.0778598323;45.4914483636;(45.4914483636, 9.0778598323)
7_448;7;448;vie Rasario - Silla;241575;P214272;Tavolo da pic nic;;9.0783075383;45.4916188184;(45.4916188184, 9.0783075383)
6_253;6;253;vie Don Primo Mazzolari - Barona;242215;P214272;Tavolo da pic nic;2020/10/01;9.1450909211;45.4322278335;(45.4322278335, 9.1450909211)
6_253;6;253;vie Don Primo Mazzolari - Barona;242216;P214272;Tavolo da pic nic;2020/10/01;9.1452397488;45.4323336311;(45.4323336311, 9.1452397488)
6_304;6;304;via Montevideo;242224;P214272;Tavolo da pic nic;2021/01/27;9.1658505671;45.4581085435;(45.4581085435, 9.1658505671)
3_049;3;49;via Zanoia;242408;P214272;Tavolo da pic nic;2021/06/22;9.2271843733;45.4808485067;(45.4808485067, 9.2271843733)
3_049;3;49;via Zanoia;242409;P214272;Tavolo da pic nic;2021/06/22;9.2271898504;45.4803866308;(45.4803866308, 9.2271898504)
2_221;2;221;vie Breda - Angeleri;242462;P214272;Tavolo da pic nic;2021/07/12;9.2139175469;45.511052199;(45.511052199, 9.2139175469)
2_221;2;221;vie Breda - Angeleri;242463;P214272;Tavolo da pic nic;2021/07/12;9.2139242898;45.5111113232;(45.5111113232, 9.2139242898)
9_091;9;91;parco Nicolò Savarino;242467;P214272;Tavolo da pic nic;2021/07/29;9.1781393884;45.4982399042;(45.4982399042, 9.1781393884)
9_091;9;91;parco Nicolò Savarino;242468;P214272;Tavolo da pic nic;2021/07/29;9.1780720929;45.4990393344;(45.4990393344, 9.1780720929)
9_148;9;148;parco Villa Litta;242469;P214272;Tavolo da pic nic;2021/07/29;9.165861025;45.5159069267;(45.5159069267, 9.165861025)
9_148;9;148;parco Villa Litta;242470;P214272;Tavolo da pic nic;2021/07/29;9.1655653314;45.5159288741;(45.5159288741, 9.1655653314)
2_172;2;172;vie Macchi - Venini;242480;P214272;Tavolo da pic nic;2021/09/02;9.2107712177;45.4875397762;(45.4875397762, 9.2107712177)
6_303;6;303;parco ex Sieroterapico;243256;P214272;Tavolo da pic nic;2021/09/29;9.1719093653;45.4475645741;(45.4475645741, 9.1719093653)
6_303;6;303;parco ex Sieroterapico;243257;P214272;Tavolo da pic nic;2021/10/15;9.1719261206;45.4475928257;(45.4475928257, 9.1719261206)
6_303;6;303;parco ex Sieroterapico;243258;P214272;Tavolo da pic nic;2021/09/29;9.1719460515;45.4476194058;(45.4476194058, 9.1719460515)
9_241;9;241;viale Suzzani - Val Maira;243320;P214272;Tavolo da pic nic;2021/10/29;9.1990680353;45.5097180442;(45.5097180442, 9.1990680353)
9_241;9;241;viale Suzzani - Val Maira;243321;P214272;Tavolo da pic nic;2021/10/29;9.199192133;45.5096859933;(45.5096859933, 9.199192133)
8_038;8;38;giardino Pierangelo Bertoli;243348;P214272;Tavolo da pic nic;2021/09/09;9.1177181721;45.4950481706;(45.4950481706, 9.1177181721)
6_007;6;7;vie De Nicola - De Pretis;243356;P214272;Tavolo da pic nic;2021/11/12;9.1531418679;45.4307115014;(45.4307115014, 9.1531418679)
7_244;7;244;parco Aldo Aniasi;243362;P214272;Tavolo da pic nic;2021/11/15;9.1064786874;45.4917282318;(45.4917282318, 9.1064786874)
7_244;7;244;parco Aldo Aniasi;243363;P214272;Tavolo da pic nic;2021/11/15;9.1064265411;45.4917557892;(45.4917557892, 9.1064265411)
7_244;7;244;parco Aldo Aniasi;243364;P214272;Tavolo da pic nic;2021/11/15;9.1065571627;45.4917618803;(45.4917618803, 9.1065571627)
7_244;7;244;parco Aldo Aniasi;243365;P214272;Tavolo da pic nic;2021/11/15;9.1066073602;45.4917825447;(45.4917825447, 9.1066073602)
6_304;6;304;via Montevideo;243393;P214272;Tavolo da pic nic;2021/01/27;9.1651076116;45.4581435898;(45.4581435898, 9.1651076116)
7_448;7;448;vie Rasario - Silla;243526;P214272;Tavolo da pic nic;2015/05/02;9.0774404717;45.4911981463;(45.4911981463, 9.0774404717)
7_448;7;448;vie Rasario - Silla;243527;P214272;Tavolo da pic nic;2015/05/02;9.0775421878;45.4912096019;(45.4912096019, 9.0775421878)
7_448;7;448;vie Rasario - Silla;243528;P214272;Tavolo da pic nic;2015/05/02;9.0773575639;45.4911573976;(45.4911573976, 9.0773575639)
7_448;7;448;vie Rasario - Silla;243529;P214272;Tavolo da pic nic;2015/05/02;9.0771798258;45.4910987277;(45.4910987277, 9.0771798258)
7_448;7;448;vie Rasario - Silla;243530;P214272;Tavolo da pic nic;2015/05/02;9.0765364173;45.490931985;(45.490931985, 9.0765364173)
7_448;7;448;vie Rasario - Silla;243531;P214272;Tavolo da pic nic;2015/05/02;9.0766160474;45.490953423;(45.490953423, 9.0766160474)
7_448;7;448;vie Rasario - Silla;243532;P214272;Tavolo da pic nic;2015/05/02;9.0779122373;45.4914054016;(45.4914054016, 9.0779122373)
7_448;7;448;vie Rasario - Silla;243533;P214272;Tavolo da pic nic;2015/05/02;9.0778457112;45.4914077033;(45.4914077033, 9.0778457112)
7_448;7;448;vie Rasario - Silla;243534;P214272;Tavolo da pic nic;2015/05/02;9.0778595262;45.4914476739;(45.4914476739, 9.0778595262)
7_448;7;448;vie Rasario - Silla;243535;P214272;Tavolo da pic nic;2015/05/02;9.077862699;45.4913369372;(45.4913369372, 9.077862699)
7_448;7;448;vie Rasario - Silla;243536;P214272;Tavolo da pic nic;2015/05/02;9.0778587064;45.4913072823;(45.4913072823, 9.0778587064)
7_448;7;448;vie Rasario - Silla;243537;P214272;Tavolo da pic nic;2015/05/02;9.077798529;45.4913342156;(45.4913342156, 9.077798529)
3_051;3;51;piazza Leonardo da Vinci;243595;P214272;Tavolo da pic nic;;9.2247985704;45.478291931;(45.478291931, 9.2247985704)
3_051;3;51;piazza Leonardo da Vinci;243596;P214272;Tavolo da pic nic;;9.2246581358;45.4783140423;(45.4783140423, 9.2246581358)
3_051;3;51;piazza Leonardo da Vinci;243597;P214272;Tavolo da pic nic;;9.2245062325;45.4778769206;(45.4778769206, 9.2245062325)
3_051;3;51;piazza Leonardo da Vinci;243598;P214272;Tavolo da pic nic;;9.2245733201;45.4779805348;(45.4779805348, 9.2245733201)
7_194;7;194;piazza Brescia;243830;P214272;Tavolo da pic nic;2021/11/24;9.1443894575;45.4708857337;(45.4708857337, 9.1443894575)
7_194;7;194;piazza Brescia;243831;P214272;Tavolo da pic nic;2021/11/24;9.1446250485;45.470620526;(45.470620526, 9.1446250485)
7_194;7;194;piazza Brescia;243832;P214272;Tavolo da pic nic;2021/11/24;9.1446705722;45.470421211;(45.470421211, 9.1446705722)
7_194;7;194;piazza Brescia;243833;P214272;Tavolo da pic nic;2021/11/24;9.1446940584;45.4704254675;(45.4704254675, 9.1446940584)
4_287;4;287;giardino Candia Marcello;243882;P214272;Tavolo da pic nic;2022/01/03;9.2148184755;45.4471308552;(45.4471308552, 9.2148184755)
4_287;4;287;giardino Candia Marcello;243883;P214272;Tavolo da pic nic;2022/01/03;9.2142285695;45.4468163255;(45.4468163255, 9.2142285695)
1_164;1;164;via Palermo n. 17;243973;P214272;Tavolo da pic nic;2021/10/16;9.1848872472;45.4748560851;(45.4748560851, 9.1848872472)
4_093;4;93;via Sordello;244169;P214272;Tavolo da pic nic;2022/02/22;9.2436568647;45.4415443969;(45.4415443969, 9.2436568647)
3_002;3;2;via Pacini;244290;P214272;Tavolo da pic nic;2022/03/04;9.2294515156;45.4822987909;(45.4822987909, 9.2294515156)
3_002;3;2;via Pacini;244291;P214272;Tavolo da pic nic;2022/03/04;9.2295005316;45.4823847264;(45.4823847264, 9.2295005316)
3_002;3;2;via Pacini;244292;P214272;Tavolo da pic nic;2022/03/04;9.2294606975;45.4823714102;(45.4823714102, 9.2294606975)
3_002;3;2;via Pacini;244293;P214272;Tavolo da pic nic;2022/03/04;9.2294159207;45.4822872523;(45.4822872523, 9.2294159207)
3_002;3;2;via Pacini;244294;P214272;Tavolo da pic nic;2022/03/04;9.2272992719;45.4815557661;(45.4815557661, 9.2272992719)
3_002;3;2;via Pacini;244295;P214272;Tavolo da pic nic;2022/03/04;9.2275382763;45.4816376123;(45.4816376123, 9.2275382763)
3_002;3;2;via Pacini;244297;P214272;Tavolo da pic nic;2022/03/04;9.227504064;45.4816258964;(45.4816258964, 9.227504064)
3_002;3;2;via Pacini;244298;P214272;Tavolo da pic nic;2022/03/04;9.2273747243;45.4815816045;(45.4815816045, 9.2273747243)
3_002;3;2;via Pacini;244299;P214272;Tavolo da pic nic;2022/03/04;9.2273481824;45.4815725153;(45.4815725153, 9.2273481824)
3_002;3;2;via Pacini;244300;P214272;Tavolo da pic nic;2022/03/04;9.2272697292;45.4815456492;(45.4815456492, 9.2272697292)
4_066;4;66;via Serrati;244390;P214272;Tavolo da pic nic;2022/03/18;9.2630726922;45.4403227017;(45.4403227017, 9.2630726922)
4_066;4;66;via Serrati;244391;P214272;Tavolo da pic nic;2022/03/18;9.2631727556;45.4401628269;(45.4401628269, 9.2631727556)
4_056;4;56;piazza Ovidio;244451;P214272;Tavolo da pic nic;2022/03/18;9.24126195;45.4582345128;(45.4582345128, 9.24126195)
7_051;7;51;parco Fanciullo;244474;P214272;Tavolo da pic nic;2022/02/25;9.107251488;45.475141238;(45.475141238, 9.107251488)
8_221;8;221;vie Graf - Traversi;244834;P214272;Tavolo da pic nic;2022/06/03;9.1411409276;45.5133669584;(45.5133669584, 9.1411409276)
5_161;5;161;via San Bernardo;244839;P214272;Tavolo da pic nic;2022/06/16;9.2399781263;45.4174811428;(45.4174811428, 9.2399781263)
3_006;3;6;giardino Ramelli Sergio;244994;P214272;Tavolo da pic nic;2022/08/24;9.2198262085;45.4767922918;(45.4767922918, 9.2198262085)
3_146;3;146;via Cima n. 15-17;244995;P214272;Tavolo da pic nic;2022/07/29;9.2474744622;45.4725398145;(45.4725398145, 9.2474744622)
3_146;3;146;via Cima n. 15-17;244996;P214272;Tavolo da pic nic;2022/07/29;9.2475332921;45.4726289962;(45.4726289962, 9.2475332921)
3_082;3;82;via Clericetti n. 20;244997;P214272;Tavolo da pic nic;2022/07/29;9.2356002045;45.4771508164;(45.4771508164, 9.2356002045)
3_082;3;82;via Clericetti n. 20;244998;P214272;Tavolo da pic nic;2022/07/29;9.235601184;45.477115091;(45.477115091, 9.235601184)
3_082;3;82;via Clericetti n. 20;244999;P214272;Tavolo da pic nic;2022/07/29;9.2362407853;45.4770661388;(45.4770661388, 9.2362407853)
3_082;3;82;via Clericetti n. 20;245000;P214272;Tavolo da pic nic;2022/07/29;9.2364367612;45.4772483195;(45.4772483195, 9.2364367612)
3_247;3;247;via Caduti in missione di pace;245001;P214272;Tavolo da pic nic;2022/07/29;9.2506366421;45.4774697205;(45.4774697205, 9.2506366421)
3_247;3;247;via Caduti in missione di pace;245002;P214272;Tavolo da pic nic;2022/07/29;9.2509200531;45.4777644116;(45.4777644116, 9.2509200531)
3_215;3;215;parco della Lambretta;245135;P214272;Tavolo da pic nic;2022/08/31;9.2531814008;45.4800361819;(45.4800361819, 9.2531814008)
3_215;3;215;parco della Lambretta;245136;P214272;Tavolo da pic nic;2022/08/31;9.2527923282;45.4805195772;(45.4805195772, 9.2527923282)
3_166;3;166;via Rizzoli;245137;P214272;Tavolo da pic nic;2022/08/23;9.2566740057;45.5100551252;(45.5100551252, 9.2566740057)
3_166;3;166;via Rizzoli;245138;P214272;Tavolo da pic nic;2022/08/23;9.2567256214;45.5102328313;(45.5102328313, 9.2567256214)
9_065;9;65;piazza Dergano;245168;P214272;Tavolo da pic nic;2022/08/23;9.1767765614;45.5031551769;(45.5031551769, 9.1767765614)
9_065;9;65;piazza Dergano;245169;P214272;Tavolo da pic nic;2022/08/23;9.1770818256;45.5031768663;(45.5031768663, 9.1770818256)
6_033;6;33;via San Paolino - San Vigilio;245271;P214272;Tavolo da pic nic;2022/09/27;9.1630365513;45.4324547041;(45.4324547041, 9.1630365513)
5_136;5;136;parco della Resistenza;245462;P214272;Tavolo da pic nic;2022/10/17;9.1833452207;45.4473528171;(45.4473528171, 9.1833452207)
5_136;5;136;parco della Resistenza;245463;P214272;Tavolo da pic nic;2022/10/17;9.1833834394;45.4473736557;(45.4473736557, 9.1833834394)
5_068;5;68;parco Chiesa Rossa;245505;P214272;Tavolo da pic nic;2022/11/05;9.1732186061;45.4310902931;(45.4310902931, 9.1732186061)
6_033;6;33;via San Paolino - San Vigilio;245577;P214272;Tavolo da pic nic;2022/12/17;9.1613395577;45.4299711971;(45.4299711971, 9.1613395577)
9_184;9;184;via Gabbro n. 4;245611;P214272;Tavolo da pic nic;2023/01/11;9.1592462452;45.5139835636;(45.5139835636, 9.1592462452)
9_028;9;28;vie Cusio - Toce - Boltraffio;245612;P214272;Tavolo da pic nic;2023/01/11;9.1859718876;45.493018112;(45.493018112, 9.1859718876)
9_028;9;28;vie Cusio - Toce - Boltraffio;245613;P214272;Tavolo da pic nic;2023/01/11;9.1858817182;45.4929887271;(45.4929887271, 9.1858817182)
1_158;1;158;parco Papa Giovanni Paolo II;245867;P214272;Tavolo da pic nic;2023/01/19;9.1825655491;45.4557103233;(45.4557103233, 9.1825655491)
1_158;1;158;parco Papa Giovanni Paolo II;245868;P214272;Tavolo da pic nic;2023/01/19;9.1826367943;45.4549350014;(45.4549350014, 9.1826367943)
5_135;5;135;parco Ravizza;246490;P214272;Tavolo da pic nic;2023/04/07;9.1928189221;45.4481423329;(45.4481423329, 9.1928189221)
4_157;4;157;parco Alessandrini;247240;P214272;Tavolo da pic nic;2023/07/14;9.2283422417;45.449446507;(45.449446507, 9.2283422417)
4_157;4;157;parco Alessandrini;247241;P214272;Tavolo da pic nic;2023/07/14;9.2284719768;45.4494420709;(45.4494420709, 9.2284719768)
4_157;4;157;parco Alessandrini;247242;P214272;Tavolo da pic nic;2023/07/14;9.2284215424;45.4493803927;(45.4493803927, 9.2284215424)
4_157;4;157;parco Alessandrini;247243;P214272;Tavolo da pic nic;2023/07/14;9.2282964838;45.4493914424;(45.4493914424, 9.2282964838)
9_028;9;28;vie Cusio - Toce - Boltraffio;247244;P214272;Tavolo da pic nic;2023/07/14;9.1861666191;45.4930452709;(45.4930452709, 9.1861666191)
2_094;2;94;via Cambini n. 4;247403;P214272;Tavolo da pic nic;2023/07/10;9.2322287706;45.4954027911;(45.4954027911, 9.2322287706)
2_094;2;94;via Cambini n. 4;247404;P214272;Tavolo da pic nic;2023/07/10;9.232173322;45.4953915374;(45.4953915374, 9.232173322)
2_094;2;94;via Cambini n. 4;247405;P214272;Tavolo da pic nic;2023/07/10;9.2320879241;45.4953497036;(45.4953497036, 9.2320879241)
2_094;2;94;via Cambini n. 4;247408;P214272;Tavolo da pic nic;2023/07/10;9.2321639678;45.4955256311;(45.4955256311, 9.2321639678)
6_237;6;237;parco dei Fontanili;247699;P214272;Tavolo da pic nic;2023/12/13;9.1002339179;45.4508162162;(45.4508162162, 9.1002339179)
6_237;6;237;parco dei Fontanili;247700;P214272;Tavolo da pic nic;2023/12/13;9.1002896656;45.4507421287;(45.4507421287, 9.1002896656)
3_002;3;2;via Pacini;247717;P214272;Tavolo da pic nic;2023/12/21;9.2303265395;45.4826161477;(45.4826161477, 9.2303265395)
3_002;3;2;via Pacini;247730;P214272;Tavolo da pic nic;2023/11/24;9.2302506676;45.4825799842;(45.4825799842, 9.2302506676)
2_285;2;285;vie Rho - Conti Carlo;247839;P214272;Tavolo da pic nic;2023/10/03;9.214944302;45.4996093237;(45.4996093237, 9.214944302)
3_206;3;206;via Crescenzago n. 56;247921;P214272;Tavolo da pic nic;2024/02/09;9.241967287;45.4915695352;(45.4915695352, 9.241967287)
3_206;3;206;via Crescenzago n. 56;247922;P214272;Tavolo da pic nic;2024/02/09;9.241994612;45.4915720177;(45.4915720177, 9.241994612)
3_227;3;227;via Valvassori Peroni;247923;P214272;Tavolo da pic nic;2024/02/09;9.2371519831;45.4799504398;(45.4799504398, 9.2371519831)
3_227;3;227;via Valvassori Peroni;247924;P214272;Tavolo da pic nic;2024/02/09;9.2376945683;45.4799016809;(45.4799016809, 9.2376945683)
7_389;7;389;parco delle Cave;248114;P214272;Tavolo da pic nic;2024/04/10;9.096923265;45.467902306;(45.467902306, 9.096923265)
7_389;7;389;parco delle Cave;248115;P214272;Tavolo da pic nic;2024/04/10;9.0969585512;45.4678697448;(45.4678697448, 9.0969585512)
3_063;3;63;via Celoria;248136;P214272;Tavolo da pic nic;2024/04/16;9.2333023507;45.4768664795;(45.4768664795, 9.2333023507)
3_063;3;63;via Celoria;248137;P214272;Tavolo da pic nic;2024/04/16;9.2331065003;45.4768662071;(45.4768662071, 9.2331065003)
3_063;3;63;via Celoria;248138;P214272;Tavolo da pic nic;2024/04/16;9.2289329039;45.476836702;(45.476836702, 9.2289329039)
3_063;3;63;via Celoria;248139;P214272;Tavolo da pic nic;2024/04/16;9.2287664028;45.4768356067;(45.4768356067, 9.2287664028)
6_175;6;175;parco Giussani Don Luigi;248156;P214272;Tavolo da pic nic;2024/05/01;9.1660149956;45.4584574883;(45.4584574883, 9.1660149956)
6_175;6;175;parco Giussani Don Luigi;248157;P214272;Tavolo da pic nic;2024/05/01;9.1666398637;45.4577118133;(45.4577118133, 9.1666398637)
6_028;6;28;vie Lodovico il Moro - Santi F.;248158;P214272;Tavolo da pic nic;2024/05/01;9.1214576083;45.4369446623;(45.4369446623, 9.1214576083)
6_091;6;91;vie Donati - D'Alviano;248160;P214272;Tavolo da pic nic;2024/05/01;9.1433026779;45.4537857956;(45.4537857956, 9.1433026779)
6_091;6;91;vie Donati - D'Alviano;248161;P214272;Tavolo da pic nic;2024/05/01;9.1435350053;45.4538163048;(45.4538163048, 9.1435350053)
6_242;6;242;parco Robert Baden Powell;248163;P214272;Tavolo da pic nic;2024/05/01;9.1671301064;45.4488734562;(45.4488734562, 9.1671301064)
6_242;6;242;parco Robert Baden Powell;248164;P214272;Tavolo da pic nic;2024/05/01;9.1672000311;45.448672846;(45.448672846, 9.1672000311)
6_198;6;198;giardino Vincenzo Muccioli;248166;P214272;Tavolo da pic nic;2024/05/01;9.158953283;45.4554434134;(45.4554434134, 9.158953283)
6_198;6;198;giardino Vincenzo Muccioli;248167;P214272;Tavolo da pic nic;2024/05/01;9.1593952946;45.4553888153;(45.4553888153, 9.1593952946)
6_031;6;31;vie Cascina Bianca - De Pretis - Danusso - Finetti;248168;P214272;Tavolo da pic nic;2024/05/01;9.1557099393;45.426995121;(45.426995121, 9.1557099393)
6_031;6;31;vie Cascina Bianca - De Pretis - Danusso - Finetti;248169;P214272;Tavolo da pic nic;2024/05/01;9.1557371948;45.4269414883;(45.4269414883, 9.1557371948)
6_087;6;87;vie Donati - Romagnoli;248170;P214272;Tavolo da pic nic;2024/05/01;9.1465081791;45.454683088;(45.454683088, 9.1465081791)
6_087;6;87;vie Donati - Romagnoli;248171;P214272;Tavolo da pic nic;2024/05/01;9.1465611107;45.4546512659;(45.4546512659, 9.1465611107)
