id;TARGA;GENERE MERCEOLOGICO;ANNO_ISTITUZIONE;INDIRIZZO;CIVICO;MUNICIPIO;ID_NIL;NIL;LONG_X_4326;LAT_Y_4326;Location
1;Agenzia Viaggi 5 Giornate;Agenzia viaggi;1932;Piazza Cinque Giornate;3;1;4;GUASTALLA;9.20700450000004;45.46279800000008;(45.46279800000008, 9.20700450000004)
2;a Santa Lucia;Ristorante;1929;Via San Pietro All'Orto;3;1;1;DUOMO;9.195601500000066;45.46580400000005;(45.46580400000005, 9.195601500000066)
3;A. Brambilla;Sartoria per uomo, divise e berretti;1926;Via Larga;8;1;1;DUOMO;9.193036500000062;45.46225800000008;(45.46225800000008, 9.193036500000062)
4;Acconciature Lui e Lei;Parrucchiere, estetista;1936;Via M. Gonzaga;6;1;1;DUOMO;9.188770500000032;45.46151100000003;(45.46151100000003, 9.188770500000032)
5;Adamas Gioielli;Gioielleria, oreficeria, orologeria;1934;Via Dogana;2;1;1;DUOMO;9.189099000000056;45.46333800000008;(45.46333800000008, 9.189099000000056)
6;Agenzia Ecclesiastica Arcivescovile Tricella;Articoli religiosi;1888;Largo Schuster;1;1;1;DUOMO;9.19256850000005;45.46259100000003;(45.46259100000003, 9.19256850000005)
7;Agenzia Viaggi 5 Giornate;Agenzia Viaggi;1932;Piazza Cinque Giornate;3;1;4;GUASTALLA;9.20700450000004;45.46279800000008;(45.46279800000008, 9.20700450000004)
8;Al Pascià;Articoli per fumatori;1905;Via Torino;61;1;1;DUOMO;9.182875500000023;45.460593000000074;(45.460593000000074, 9.182875500000023)
9;Alla Collina Pistoiese;Ristorante;1911;Via Amedei;1;1;1;DUOMO;9.186430500000029;45.46033200000005;(45.46033200000005, 9.186430500000029)
10;Amleto Missaglia;Argento, cristalli e porcellane;1884;Via E. De Amicis;53;1;7;MAGENTA - S. VITTORE;9.174330000000054;45.460773000000074;(45.460773000000074, 9.174330000000054)
11;Antica Barbieria Colla;Barbiere;1904;Via G. Morone;3;1;1;DUOMO;9.191835000000026;45.46810800000003;(45.46810800000003, 9.191835000000026)
12;Antica Drogheria di via Cappuccio;Drogheria;1893;Via Cappuccio;18;1;1;DUOMO;9.17940150000004;45.46345500000007;(45.46345500000007, 9.17940150000004)
13;Antica Farmacia di Brera;Farmacia;1812;Via Fiori Oscuri;13;1;2;BRERA;9.189202500000022;45.47260800000004;(45.47260800000004, 9.189202500000022)
14;Antica Farmacia Foglia;Farmacia;1835;Via San Calimero;1;1;5;PORTA VIGENTINA - PORTA LODOVICA;9.193306500000062;45.45739800000007;(45.45739800000007, 9.193306500000062)
15;Antica Osteria Milanese;Ristorante;1950;Via Dante;15;1;1;DUOMO;9.183226500000046;45.46733400000005;(45.46733400000005, 9.183226500000046)
16;Archenti;Gioielleria;1887;P.zza Duomo;19;1;1;DUOMO;9.188721000000044;45.464841000000035;(45.464841000000035, 9.188721000000044)
17;Argenteria Bernasconi;Argenteria, oreficeria;1872;Gall. Vittorio Emanuele II;33;1;1;DUOMO;9.190007877000028;45.465624467000055;(45.465624467000055, 9.190007877000028)
18;Argenteria Galbiati;Argenteria;1908;Viale Tibaldi;28/30;5;6;PORTA TICINESE - CONCA DEL NAVIGLIO;9.180378000000076;45.44330400000007;(45.44330400000007, 9.180378000000076)
19;Argenteria Galbiati;Argenteria;1908;Via Orefici;26;1;1;DUOMO;9.187033500000041;45.46471500000007;(45.46471500000007, 9.187033500000041)
20;Arienti Complementi d'Arredo;Vendita Arredi;1931;Via S. Sisto;5;1;1;DUOMO;9.181404000000043;45.46111500000006;(45.46111500000006, 9.181404000000043)
21;Aspesi;Ottico;1910;Largo Richini;1;1;1;DUOMO;9.19347300000004;45.46043100000003;(45.46043100000003, 9.19347300000004)
22;Baita del Formaggio di Fabio Re;Salumeria;1939;Via Sarpi Paolo;31;1;69;SARPI;9.175414500000045;45.48128400000007;(45.48128400000007, 9.175414500000045)
23;Bar Bianco;Bar;1960;Corso Venezia - Giardini Pubblici;22;1;4;GUASTALLA;9.20150196700007;45.47095951400007;(45.47095951400007, 9.20150196700007)
24;Bar Magenta;Bar;1907;Via G. Carducci;13;1;1;DUOMO;9.175531500000034;45.46552500000007;(45.46552500000007, 9.175531500000034)
25;Bar Marino;Bar Tabaccheria;1939;Via Marino;7;1;1;DUOMO;9.190327500000024;45.46633500000007;(45.46633500000007, 9.190327500000024)
26;Bar Mercurio;Bar tabacchi;1927;Via Dogana;3;1;1;DUOMO;9.188793000000032;45.46323000000007;(45.46323000000007, 9.188793000000032)
27;Bar Missori;Bar;1949;P.zza Missori;3;1;1;DUOMO;9.188172396000027;45.461041960000045;(45.461041960000045, 9.188172396000027)
28;Bar Ristorante Il Baretto;Bar Ristorante;1964;Via Senato;7;1;1;DUOMO;9.19832400000007;45.46938600000004;(45.46938600000004, 9.19832400000007)
29;Barbiere Di Modica Roberto;Parrucchiere;1952;Via Boccaccio Giovanni;9;1;7;MAGENTA - S. VITTORE;9.174127500000054;45.46766700000006;(45.46766700000006, 9.174127500000054)
30;Barbiere M. Delle Fave;Barbiere;1957;Via Gherardini;2;1;68;PAGANO;9.170190000000048;45.476919000000066;(45.476919000000066, 9.170190000000048)
31;Belloni Gioielleria;Gioielleria Orologeria;1926;Via A. Lamarmora;31;1;4;GUASTALLA;9.203742000000034;45.45741600000008;(45.45741600000008, 9.203742000000034)
32;Benito;Parrucchiere;1951;Via Rovello;1;1;2;BRERA;9.184558500000037;45.46694700000006;(45.46694700000006, 9.184558500000037)
33;Beretta;Casalinghi;1800;Via Bergamini;5;1;1;DUOMO;9.194049000000064;45.461988000000076;(45.461988000000076, 9.194049000000064)
34;Biancheria per la Casa Frette;Biancheria per la casa;1877;Via Andegari;18;1;2;BRERA;9.19141650000006;45.46914300000003;(45.46914300000003, 9.19141650000006)
35;Biffi;Ristorante, bar;1867;Gall. Vittorio Emanuele II;0;1;1;DUOMO;9.190007877000028;45.465624467000055;(45.465624467000055, 9.190007877000028)
36;Bijoux de Paris;Bigiotteria;1953;Via Manzoni;12;1;1;DUOMO;9.191313000000036;45.468585000000076;(45.468585000000076, 9.191313000000036)
37;Birreria Cavour;Bar, birreria;1910;Via Santa Maria alla Porta;13;1;1;DUOMO;9.181480875000034;45.46510957900006;(45.46510957900006, 9.181480875000034)
38;Bolzani Cornici e Stampe;Cornici e stampe;1922;C.so Matteotti;20;1;1;DUOMO;9.196569000000068;45.46678500000007;(45.46678500000007, 9.196569000000068)
39;Bonati & Beneggi;Arredamento e Tessuti;1930;Via Enrico Toti;4;1;7;MAGENTA - S. VITTORE;9.166441500000076;45.46693800000003;(45.46693800000003, 9.166441500000076)
40;Boscani Nova;Tende in legno e tappeti;1904;Via Santa Sofia;1;1;5;PORTA VIGENTINA - PORTA LODOVICA;9.19300050000004;45.457299000000035;(45.457299000000035, 9.19300050000004)
41;Broggi;Abbigliamento da lavoro, teleria;1947;Via Dogana;2;1;1;DUOMO;9.189099000000056;45.46333800000008;(45.46333800000008, 9.189099000000056)
42;Cadè;Abbigliamento;1926;Galleria Vittorio Emanuele;5;1;1;DUOMO;9.190007877000028;45.465624467000055;(45.465624467000055, 9.190007877000028)
43;Caffè e Tabacchi Molino delle Armi;Bar Tabacchi;1936;Via S. Croce;2;1;6;PORTA TICINESE - CONCA DEL NAVIGLIO;9.183429000000046;45.45658800000007;(45.45658800000007, 9.183429000000046)
44;Caffè Pasticceria Cucchi;Pasticceria Caffetteria;1934;Corso Genova;1;1;6;PORTA TICINESE - CONCA DEL NAVIGLIO;9.177403500000025;45.45835200000005;(45.45835200000005, 9.177403500000025)
45;Camiceria Ambrosiana;Camicie su misura;1954;Via Soncino;1;1;1;DUOMO;9.182614500000057;45.46021500000006;(45.46021500000006, 9.182614500000057)
46;Camiceria Milanese;Vendita di Biancheria, Maglieria, Camicie;1922;Via Dogana;2;1;1;DUOMO;9.189099000000056;45.46333800000008;(45.46333800000008, 9.189099000000056)
47;Cantina Piemontese;Ristorante;1908;Via Laghetto;2;1;1;DUOMO;9.195367500000032;45.461628000000076;(45.461628000000076, 9.195367500000032)
48;Cappelleria Melegari;Cappelleria, berretti;1914;Via Sarpi Paolo;9;1;69;SARPI;9.179680500000075;45.48163500000004;(45.48163500000004, 9.179680500000075)
49;Carati Ambrogio snc Bronzista;Bronzista;1894;Via Cesare da Sesto;1;1;7;MAGENTA - S. VITTORE;9.173821500000031;45.45681300000007;(45.45681300000007, 9.173821500000031)
50;Cartoleria Adua;Cartoleria;1947;Via Larga;8;1;1;DUOMO;9.193036500000062;45.46225800000008;(45.46225800000008, 9.193036500000062)
51;Cartoleria De Magistris;Cartoleria;1887;Via Meravigli;12;1;1;DUOMO;9.182808000000023;45.46584000000007;(45.46584000000007, 9.182808000000023)
52;Cartoleria Donzelli;Cartoleria;1930;Via Maddalena;5;1;1;DUOMO;9.188365500000032;45.45947700000005;(45.45947700000005, 9.188365500000032)
53;Cartoleria F.lli Merlo;Cartoleria;1930;Via Vincenzo Monti;2;1;7;MAGENTA - S. VITTORE;9.175446000000022;45.46634400000005;(45.46634400000005, 9.175446000000022)
54;Cartoleria Venezia;Cartoleria;1936;Corso Venezia;37;1;4;GUASTALLA;9.20049750000004;45.47026800000003;(45.47026800000003, 9.20049750000004)
55;Casalinghi Fornaro;Casalinghi;1945;P.za San Nazaro in Brolo;15;1;1;DUOMO;9.193009500000073;45.45817200000005;(45.45817200000005, 9.193009500000073)
56;Cavalleri;Oreficeria, gioielleria;1833;Via Vincenzo Monti;9;1;7;MAGENTA - S. VITTORE;9.174051000000077;45.46701000000007;(45.46701000000007, 9.174051000000077)
57;Centenari;Stampe, riproduzioni d'arte, dipinti, cornici;1860;Galleria Vittorio Emanuele;92;1;1;DUOMO;9.190007877000028;45.465624467000055;(45.465624467000055, 9.190007877000028)
58;Ceratina;Casalinghi;1919;Via Camperio Manfredo;1;1;1;DUOMO;9.183476941000038;45.46614836300006;(45.46614836300006, 9.183476941000038)
59;Chiaravalli;Orologeria, gioielleria;1915;Via Valpetrosa;1;1;1;DUOMO;9.185427000000061;45.462447000000054;(45.462447000000054, 9.185427000000061)
60;Cin Cin Bar;Bar;1953;Gall. Buenos Aires;11;3;21;BUENOS AIRES - PORTA VENEZIA - PORTA MONFORTE;9.210636000000022;45.47961000000004;(45.47961000000004, 9.210636000000022)
61;Cinema Centrale;Cinematografo;1907;Via Torino;30/32;1;1;DUOMO;9.185832000000062;45.46216800000008;(45.46216800000008, 9.185832000000062)
62;Città di Londra;Abbigliamento;1949;P.zza Missori;3;1;1;DUOMO;9.188172396000027;45.461041960000045;(45.461041960000045, 9.188172396000027)
63;Colorificio Cesariano di Rossi Aldo;Colori, vernici, ferramenta;1959;Via Cesare Cesariano;8;1;69;SARPI;9.176305500000069;45.47835900000007;(45.47835900000007, 9.176305500000069)
64;Copisteria Dorigoni;Copisteria;1933;Via Zebedia;9;1;1;DUOMO;9.186867000000063;45.46069200000005;(45.46069200000005, 9.186867000000063)
65;Cova Pasticceria;Caffetteria, pasticceria, sala da te;1817;Via Montenapoleone;8;1;1;DUOMO;9.195718500000055;45.46789200000006;(45.46789200000006, 9.195718500000055)
66;Decio;Abbigliamento;1929;C.so Garibaldi;116;1;2;BRERA;9.186615000000074;45.479952000000026;(45.479952000000026, 9.186615000000074)
67;Dellera;Pellicceria;1937;Via San Damiano;4;1;4;GUASTALLA;9.20022300000005;45.46774800000003;(45.46774800000003, 9.20022300000005)
68;Demaldè;Bigiotteria Articoli da Regalo;1943;Piazza del Carmine;1;1;2;BRERA;9.185242500000072;45.47008800000003;(45.47008800000003, 9.185242500000072)
69;D'Isabella Ottolenghi;Merceria;1929;P.zza San Babila;3;1;1;DUOMO;9.197149500000023;45.46657800000003;(45.46657800000003, 9.197149500000023)
70;Ditta Andrea Spinardi;Ferramenta;1907;C.so Porta Romana;74;1;5;PORTA VIGENTINA - PORTA LODOVICA;9.19449000000003;45.45674100000008;(45.45674100000008, 9.19449000000003)
71;Ditta Guenzati;Tessuti, maglieria, accessori;1768;P.zza Cordusio;2;1;1;DUOMO;9.18667350000004;45.46516500000007;(45.46516500000007, 9.18667350000004)
72;Ditta Raimondi di Pettinaroli;Cartoleria;1776;Corso Venezia;6;1;1;DUOMO;9.19834650000007;45.46755900000005;(45.46755900000005, 9.19834650000007)
73;Dogana Ristorante Pizzeria;Ristorante, pizzeria;1951;Via Dogana;3;1;1;DUOMO;9.188793000000032;45.46323000000007;(45.46323000000007, 9.188793000000032)
74;Drogheria Grossi;Drogheria;1928;Corso Magenta;31;1;1;DUOMO;9.176103000000069;45.46584900000005;(45.46584900000005, 9.176103000000069)
75;E. E. Ercolessi;Cartolibreira;1921;C.so Magenta;25;1;1;DUOMO;9.17738550000007;45.465858000000026;(45.465858000000026, 9.17738550000007)
76;E. S. Il bello dell'intimo;Abbigliamento intimo;1951;Via Mazzini;2;1;1;DUOMO;9.188383500000043;45.46340100000003;(45.46340100000003, 9.188383500000043)
77;E. Urgnani Antico cambio al Cordusio;Cambiavalute;1932;Via Cordusio;2;1;1;DUOMO;9.185697000000062;45.46498500000007;(45.46498500000007, 9.185697000000062)
78;Edicola Labò;Chiosco Edicola;1951;Piazza Duomo;snc;1;1;DUOMO;9.189841148000028;45.464212469000074;(45.464212469000074, 9.189841148000028)
79;Edicola Magni;Edicola;1914;L.go Augusto;3;1;1;DUOMO;9.197176500000069;45.46341000000007;(45.46341000000007, 9.197176500000069)
80;F. Pettinaroli;Cartoleria;1881;Piazza San Fedele;2;1;1;DUOMO;9.191002500000025;45.46614600000004;(45.46614600000004, 9.191002500000025)
81;F.lli Meazza;Ferramenta, casalinghi, arredobagni;1928;Via San Sisto;9;1;1;DUOMO;9.181408500000032;45.46134900000004;(45.46134900000004, 9.181408500000032)
82;F.lli Sanvito;Cuoio e accessori per calzature;1938;C.so P.ta Vigentina;38;1;5;PORTA VIGENTINA - PORTA LODOVICA;9.196015500000044;45.453366000000074;(45.453366000000074, 9.196015500000044)
83;Fabbrica Argenteria Dabbene;Oggetti preziosi;1939;Largo Treves;2;1;2;BRERA;9.187146000000041;45.47521800000004;(45.47521800000004, 9.187146000000041)
84;Falconieri acconciature;Parrucchiere;1957;Via G. Carducci;27;1;1;DUOMO;9.174721500000032;45.46401300000008;(45.46401300000008, 9.174721500000032)
85;Fantasie di Moda;Bigiotteria;1954;C.so Vittorio Emanuele II;37/B;1;1;DUOMO;9.196564500000022;45.466263000000026;(45.466263000000026, 9.196564500000022)
86;Farmacia Brera Porati;Farmacia;1835;Via Senato;2;1;4;GUASTALLA;9.19907100000006;45.469089000000054;(45.469089000000054, 9.19907100000006)
87;Farmacia S. Eustorgio;Farmacia;1811;Corso Porta Ticinese;98;1;6;PORTA TICINESE - CONCA DEL NAVIGLIO;9.180288000000075;45.453771000000074;(45.453771000000074, 9.180288000000075)
88;Fedeli Red and Blue;Abbigliamento;1948;Via Monte Napoleone;8;1;1;DUOMO;9.195718500000055;45.46789200000006;(45.46789200000006, 9.195718500000055)
89;Ferramenta Mereghetti;Ferramenta;1930;P.zza Mentana;7;1;1;DUOMO;9.181318500000032;45.46221300000008;(45.46221300000008, 9.181318500000032)
90;Finart di Elena Ferrofino;Produzione e vendita fiori di seta;1957;C.so Matteotti;8;1;1;DUOMO;9.194548500000053;45.46685700000006;(45.46685700000006, 9.194548500000053)
91;Fiorista Colombo Della Volta;Fiori e piante;1928;P.zza Tricolore;2;1;4;GUASTALLA;9.206284500000038;45.46755900000005;(45.46755900000005, 9.206284500000038)
92;Forniture orologerie San Maurilio srl;Ricambi per orologeria;1932;Via San Maurilio;8;1;1;DUOMO;9.18466200000006;45.46186200000005;(45.46186200000005, 9.18466200000006)
93;Forobonaparte srl affiliato Buffetti;Forniture per ufficio, cartoleria;1852;Foro Buonaparte;53;1;1;DUOMO;9.178312500000061;45.46801800000003;(45.46801800000003, 9.178312500000061)
94;Foto Veneta Ottica di Bisello;Fotografo, ottico;1931;Via Torino;57;1;1;DUOMO;9.183388500000035;45.46066500000006;(45.46066500000006, 9.183388500000035)
95;Fotomateriale Image Specialists;Commercio di materiale per ottica e fotografia;1960;Viale E. Caldara;20;1;4;GUASTALLA;9.203373000000056;45.454473000000064;(45.454473000000064, 9.203373000000056)
96;Fratelli Bernasconi;Produzione timbri e targhe;1890;C.so Porta Ticinese;18;1;1;DUOMO;9.180945000000065;45.45862200000005;(45.45862200000005, 9.180945000000065)
97;Fratelli Freni;Pasticceria, gelateria;1914;Via Passarella;4;1;1;DUOMO;9.194508000000042;45.46481400000005;(45.46481400000005, 9.194508000000042)
98;Fratelli Freni;Pasticceria, gelateria;1914;Via Mazzini;2;1;1;DUOMO;9.188383500000043;45.46340100000003;(45.46340100000003, 9.188383500000043)
99;Fratelli Prada;Pelletteria, abbigliamento;1913;Gall. Vittorio Emanuele II;63/65;1;1;DUOMO;9.190007877000028;45.465624467000055;(45.465624467000055, 9.190007877000028)
100;Frigerio Gomme;Vendita pneumatici e accessori;1923;P.zza V Giornate;6;1;4;GUASTALLA;9.207149422000043;45.46226288400004;(45.46226288400004, 9.207149422000043)
101;Frutteto Viel di Viel Giulio e C.;Frullati e gelati;1955;Via Paolo da Cannobio;9;1;1;DUOMO;9.190606500000058;45.461475000000064;(45.461475000000064, 9.190606500000058)
102;Fusaglia Chiavi Serrature e Casseforti;Serrature ferramenta;1910;Via Zebedia;2;1;1;DUOMO;9.187474500000064;45.46080900000004;(45.46080900000004, 9.187474500000064)
103;G. Lorenzi;Coltelleria;1929;Via Montenapoleone;9;1;1;DUOMO;9.195097500000031;45.46824300000003;(45.46824300000003, 9.195097500000031)
104;G. Preattoni;Coltelleria;1934;Via Privata C. Battisti;1;1;4;GUASTALLA;9.199925489000066;45.46271388900004;(45.46271388900004, 9.199925489000066)
105;G. Preattoni;Coltelleria;1946;Via della Spiga;52;1;1;DUOMO;9.195106500000065;45.47169900000006;(45.47169900000006, 9.195106500000065)
106;Galleria Bolzani;Galleria d'arte;1922;C.so Matteotti;20;1;1;DUOMO;9.196569000000068;45.46678500000007;(45.46678500000007, 9.196569000000068)
107;Galli Giovanni;Pasticceria;1911;Corso di Porta Romana;2;1;1;DUOMO;9.188703000000032;45.46019700000005;(45.46019700000005, 9.188703000000032)
108;Galli Giovanni;Pasticceria;1911;Via V. Hugo;2;1;1;DUOMO;9.187339500000064;45.46402200000006;(45.46402200000006, 9.187339500000064)
109;Gallia e Peter;Modisteria;1932;Via Moscova;60;1;2;BRERA;9.18342000000007;45.478125000000034;(45.478125000000034, 9.18342000000007)
110;Garage San Remo;Garage;1949;Via Zecca Vecchia;3;1;1;DUOMO;9.184491000000037;45.46223100000003;(45.46223100000003, 9.184491000000037)
111;Garbagnati;Pasticceria;1937;Via Victor Hugo;3;1;1;DUOMO;9.187254000000053;45.46377000000007;(45.46377000000007, 9.187254000000053)
112;Garue;Articoli per la pesca;1885;Via del Torchio;14;1;1;DUOMO;9.18021600000003;45.46074600000003;(45.46074600000003, 9.18021600000003)
113;Gianni barbiere;Barbiere, parrucchiere per uomo;1960;Via Tivoli;8;1;2;BRERA;9.183294000000046;45.47205900000006;(45.47205900000006, 9.183294000000046)
114;Gianni Italia;Abbigliamento;1965;Via Paolo Sarpi;53;1;69;SARPI;9.172755000000052;45.48107700000003;(45.48107700000003, 9.172755000000052)
115;Gin Rosa;Bar;1931;Galleria San Babila;4/B;1;1;DUOMO;9.198558000000048;45.466263000000026;(45.466263000000026, 9.198558000000048)
116;Gioelleria Cielo;Gioielleria, oreficeria;1922;P.zza Duomo;21;1;1;DUOMO;9.189585000000022;45.464841000000035;(45.464841000000035, 9.189585000000022)
117;Gioelleria Cielo;Gioielleria, oreficeria;1922;P.le Cadorna;11;1;7;MAGENTA - S. VITTORE;9.176134500000046;45.46774800000003;(45.46774800000003, 9.176134500000046)
118;Gioielleria Mario Fugazzi;Gioielleria - oreficeria - orologeria;1914;Via Mazzini;8;1;1;DUOMO;9.188383500000043;45.46304100000003;(45.46304100000003, 9.188383500000043)
119;Gioielleria orologeria Mantellato;Orologeria oreficeria;1938;Via Sarpi Frà Paolo;11;1;69;SARPI;9.179253000000074;45.48159000000004;(45.48159000000004, 9.179253000000074)
120;Gioielleria Paolini;Gioielleria;1941;P.zza S. Ambrogio;10;1;1;DUOMO;9.17594466600002;45.46337221700003;(45.46337221700003, 9.17594466600002)
121;Gioielleria Ronchi;Gioielleria, orologeria;1929;Via Gonzaga Maurizio;5;1;1;DUOMO;9.189162000000067;45.461493000000075;(45.461493000000075, 9.189162000000067)
122;Gioielli Orologi e Argenti Verga;Oreficeria;1880;P.zza Duomo;19;1;1;DUOMO;9.188721000000044;45.464841000000035;(45.464841000000035, 9.188721000000044)
123;GioyDea di Pasetti Dea;Merceria, Abbigliamento Intimo;1908;Via Vincenzo Monti;28;1;7;MAGENTA - S. VITTORE;9.17244450000004;45.46859400000005;(45.46859400000005, 9.17244450000004)
124;Giuseppe Rossicone Arte della Ceramica;Produzione ceramiche d'arte;1953;Via Chiossetto;10;1;4;GUASTALLA;9.200628000000052;45.46426500000007;(45.46426500000007, 9.200628000000052)
125;Gobbi;Orologeria Gioielleria;1897;Corso Vittorio Emanuele II;15;1;1;DUOMO;9.196047000000021;45.465678000000025;(45.465678000000025, 9.196047000000021)
126;Grimoldi;Oreficeria, orologeria;1889;P.zza Duomo;21;1;1;DUOMO;9.189585000000022;45.464841000000035;(45.464841000000035, 9.189585000000022)
127;Guerrini;Strumenti musicali;1953;Via delle Erbe;2;1;2;BRERA;9.183901500000047;45.470988000000034;(45.470988000000034, 9.183901500000047)
128;Guidotti Sport;Abbigliamento sportivo;1959;Via Durini;27;1;1;DUOMO;9.198090000000036;45.46553400000005;(45.46553400000005, 9.198090000000036)
129;Gusella;Abbigliamento, calzature, access. bambino;1932;Via Victor Hugo;3;1;1;DUOMO;9.187254000000053;45.46377000000007;(45.46377000000007, 9.187254000000053)
130;Gusella;Abbigliamento, calzature, access. bambino;1947;C.so Vittorio Emanuele;37/B;1;1;DUOMO;9.196564500000022;45.466263000000026;(45.466263000000026, 9.196564500000022)
131;Il Barbiere di San Maurilio;Barbiere;1956;Via San Maurilio;1;1;1;DUOMO;9.18507150000005;45.461538000000075;(45.461538000000075, 9.18507150000005)
132;Il Polifilo libri rari;Libri nuovi e usati;1941;Via Borgonuovo;3;1;2;BRERA;9.191646000000048;45.47049300000003;(45.47049300000003, 9.191646000000048)
133;Illulian;Tappeti e tessuti;1906;Via Manzoni;41;1;2;BRERA;9.193959000000063;45.47142000000008;(45.47142000000008, 9.193959000000063)
134;Incisioni Ravasi;Laboratorio Incisioni;1955;Via dei Piatti;4;1;1;DUOMO;9.18520650000005;45.46071000000006;(45.46071000000006, 9.18520650000005)
135;Jamaica;Bar, ristorante, caffe';1911;Via Brera;32;1;2;BRERA;9.187542000000064;45.472590000000025;(45.472590000000025, 9.187542000000064)
136;La Bottega del Timbro;Timbri, targhe, incisioni;1929;C.so Italia;6;1;1;DUOMO;9.187924500000065;45.45996300000007;(45.45996300000007, 9.187924500000065)
137;La Tavernetta da Elio;Ristorante;1957;Via Fatebenefratelli;30;1;2;BRERA;9.193351500000063;45.47261700000007;(45.47261700000007, 9.193351500000063)
138;LaLuna;Abbigliamento donna;1951;Via Dogana;2;1;1;DUOMO;9.189099000000056;45.46333800000008;(45.46333800000008, 9.189099000000056)
139;Larusmiani;Abbigliamento;1929;Via P. Verri;10;1;1;DUOMO;9.195057000000077;45.467955000000075;(45.467955000000075, 9.195057000000077)
140;Lastella Sergio acconciature maschili;Parrucchiere per uomo;1932;Via Giusti G.;28;1;69;SARPI;9.175630500000068;45.48002400000007;(45.48002400000007, 9.175630500000068)
141;Le Tre Gazzelle;Bar, pasticceria;1954;Galleria del Corso;1;1;1;DUOMO;9.195205500000043;45.46487700000006;(45.46487700000006, 9.195205500000043)
142;Legatoria Conti Borbone;Legatoria libri;1874;C.so Magenta;31;1;1;DUOMO;9.176103000000069;45.46584900000005;(45.46584900000005, 9.176103000000069)
143;Libreria Bocca;Libreria;1775;Gall. Vittorio Emanuele II;12;1;1;DUOMO;9.190007877000028;45.465624467000055;(45.465624467000055, 9.190007877000028)
144;Libreria degli uffici Turri;Libreria;1936;Via Turati;26;1;2;BRERA;9.194904000000065;45.47598300000004;(45.47598300000004, 9.194904000000065)
145;Libreria Internazionale Accademia;Libreria;1910;Gall. V. Emanuele;17;1;1;DUOMO;9.190007877000028;45.465624467000055;(45.465624467000055, 9.190007877000028)
146;Libreria Malavasi;Libreria;1940;Largo Schuster;1;1;1;DUOMO;9.19256850000005;45.46259100000003;(45.46259100000003, 9.19256850000005)
147;Libreria Mauro;Libreria;1954;Via Rugabella;1;1;1;DUOMO;9.189999000000057;45.45919800000007;(45.45919800000007, 9.189999000000057)
148;Libreria Rizzoli;Libreria;1949;Gall. Vittorio Emanuele II;79;1;1;DUOMO;9.190007877000028;45.465624467000055;(45.465624467000055, 9.190007877000028)
149;Lo Stilista Franco;Parrucchiere;1959;Via Paolo da Cannobio;16;1;1;DUOMO;9.189013500000044;45.46053000000006;(45.46053000000006, 9.189013500000044)
150;Lord Mayor;Abbigliamento;1958;C.so Europa;22;1;1;DUOMO;9.197721000000058;45.46539000000007;(45.46539000000007, 9.197721000000058)
151;Lorenzo Borghi;Fabbrica artigianale cappelli per signora;1950;Via dei Piatti;5;1;1;DUOMO;9.185287500000072;45.46079100000003;(45.46079100000003, 9.185287500000072)
152;Macelleria Brigo;Macelleria;1892;Via Santa Croce;1;1;6;PORTA TICINESE - CONCA DEL NAVIGLIO;9.183807000000058;45.456192000000044;(45.456192000000044, 9.183807000000058)
153;Macelleria Sirtori;Macelleria;1931;Via Sarpi Paolo;27;1;69;SARPI;9.175995000000057;45.48132900000007;(45.48132900000007, 9.175995000000057)
154;Magazzini Vittoria di Franco Marini;Abbigliamento;1938;Via Sarpi Paolo;3;1;69;SARPI;9.18053100000003;45.48171600000006;(45.48171600000006, 9.18053100000003)
155;Maior Stile;Abbigliamento;1925;Piazza Duomo;21;1;1;DUOMO;9.189585000000022;45.464841000000035;(45.464841000000035, 9.189585000000022)
156;Margherita;Biancheria intima, abbigliamento mare;1925;Corso Europa;18;1;1;DUOMO;9.197140500000046;45.46480500000007;(45.46480500000007, 9.197140500000046)
157;Matteo Acconciature Maschili;Parrucchiere per uomo;1960;Via S. Fermo;1;1;2;BRERA;9.189432000000068;45.47584800000004;(45.47584800000004, 9.189432000000068)
158;Matuella L'Ottico di Milano;Ottico;1928;P.le Cadorna;9;1;7;MAGENTA - S. VITTORE;9.176413500000024;45.46767600000004;(45.46767600000004, 9.176413500000024)
159;Mazza;Strumenti per la scrittura;1955;Via Cantu';3;1;1;DUOMO;9.186826500000052;45.46411200000006;(45.46411200000006, 9.186826500000052)
160;Mejana;Coltelleria;1911;Gall. Vittorio Emanuele II;88;1;1;DUOMO;9.190007877000028;45.465624467000055;(45.465624467000055, 9.190007877000028)
161;Melegari e Costa Montenapoleone;Pellicceria;1945;Via Montenapoleone;15;1;1;DUOMO;9.19480500000003;45.468495000000075;(45.468495000000075, 9.19480500000003)
162;Merù;Gioielleria Orologeria;1959;Via Solferino;3;1;2;BRERA;9.187204500000064;45.47333700000007;(45.47333700000007, 9.187204500000064)
163;Messaggerie Musicali;Libri, musica, video;1936;Gall. Del Corso;2;1;1;DUOMO;9.194976000000054;45.46485900000005;(45.46485900000005, 9.194976000000054)
164;Milanfisa;Strumenti musicali;1950;Via Paolo da Cannobio;2;1;1;DUOMO;9.190993500000047;45.462087000000054;(45.462087000000054, 9.190993500000047)
165;Miracoli Romeo & Figlio;Argenteria;1912;Via Burigozzo;3;1;6;PORTA TICINESE - CONCA DEL NAVIGLIO;9.185913000000028;45.45331200000004;(45.45331200000004, 9.185913000000028)
166;Mitarotonda;Strumenti musicali;1888;Via Conservatorio;17;1;4;GUASTALLA;9.202158000000054;45.46700100000004;(45.46700100000004, 9.202158000000054)
167;Moda Torinese di Fumagalli;Pellicceria con laboratorio;1933;Corso Garibaldi;89;1;2;BRERA;9.18407250000007;45.476739000000066;(45.476739000000066, 9.18407250000007)
168;Moroni gomma;Articoli gomma, plastica;1919;C.so Matteotti;14;1;1;DUOMO;9.196096500000067;45.46680300000003;(45.46680300000003, 9.196096500000067)
169;Motta Duomo;Bar Caffetteria;1928;Via Ugo Foscolo;1;1;1;DUOMO;9.190656000000047;45.46503900000005;(45.46503900000005, 9.190656000000047)
170;Nano Bleu;Giocattoli;1949;Corso Vittorio Emanuele II;15;1;1;DUOMO;9.196047000000021;45.465678000000025;(45.465678000000025, 9.196047000000021)
171;Noli Articoli per fumatori;Tabacchi;1927;Gall. Vittorio Emanuele II;82;1;1;DUOMO;9.190007877000028;45.465624467000055;(45.465624467000055, 9.190007877000028)
172;O. Lorenzi;Coltelleria;1919;Corso Magenta;1;1;1;DUOMO;9.180153000000075;45.46556100000004;(45.46556100000004, 9.180153000000075)
173;Old America;Antiquariato e oggetti d'arte;1954;Via Bagutta;9;1;1;DUOMO;9.196443000000045;45.46770300000003;(45.46770300000003, 9.196443000000045)
174;Old Fashion Cafè;Dancing, ristorante;1933;V.le Alemagna;6;1;8;PARCO SEMPIONE;9.173569500000042;45.47221200000007;(45.47221200000007, 9.173569500000042)
175;Oreficeria Tassan;Laboratorio Artigiano Oreficeria Orologeria;1963;Via Conca del Naviglio;18;1;6;PORTA TICINESE - CONCA DEL NAVIGLIO;9.17720550000007;45.45712800000007;(45.45712800000007, 9.17720550000007)
176;Oreficeria Lupetta;Gioielleria Oreficeria;1934;Via Lupetta;5;1;1;DUOMO;9.18656100000004;45.46184400000004;(45.46184400000004, 9.18656100000004)
177;Oreficeria Piccolo;Oreficeria Orologeria;1918;Via Vincenzo Monti;34;1;7;MAGENTA - S. VITTORE;9.171216000000072;45.46953000000008;(45.46953000000008, 9.171216000000072)
178;Ornella di Albani Maria Vittoria;Bigiotteria artistica;1944;Via E. De Amicis;40;1;1;DUOMO;9.176305500000069;45.45987300000007;(45.45987300000007, 9.176305500000069)
179;Orologeria Giovanzana;Orologeria, oreficeria, riparazioni;1948;Corso di Porta Romana;40;1;1;DUOMO;9.191358000000037;45.45868500000006;(45.45868500000006, 9.191358000000037)
180;Orologeria in Milano Grimoldi;Orologeria, oreficeria;1867;Via Manzoni;39;1;2;BRERA;9.193635000000029;45.47111400000006;(45.47111400000006, 9.193635000000029)
181;Orologeria Luigi Verga;Orologeria;1947;Via Dogana;3;1;1;DUOMO;9.188793000000032;45.46323000000007;(45.46323000000007, 9.188793000000032)
182;Orologeria Zebedia;Riparazione e Vendita Orologi;1947;Via Zebedia;9;1;1;DUOMO;9.186867000000063;45.46069200000005;(45.46069200000005, 9.186867000000063)
183;Osteria la Pergola;Osteria;1610;Vicolo Santa Caterina;3;1;1;DUOMO;9.19218907100003;45.45860227500003;(45.45860227500003, 9.19218907100003)
184;Ottavio Re di Coletto;Merceria;1935;Via Bagutta;1;1;1;DUOMO;9.196920000000034;45.46733400000005;(45.46733400000005, 9.196920000000034)
185;Ottica Arnaldo Chierichetti;Ottica;1914;C.so di Porta Romana;74;1;5;PORTA VIGENTINA - PORTA LODOVICA;9.19449000000003;45.45674100000008;(45.45674100000008, 9.19449000000003)
186;Oxford Non Solo Cashmere;Abbigliamento;1947;Via Brera Matteotti;7;1;1;DUOMO;9.195925500000044;45.46698300000003;(45.46698300000003, 9.195925500000044)
187;Panificio Moderno;Panificio;1946;Via Canonica;67;1;69;SARPI;9.171796500000028;45.47998800000005;(45.47998800000005, 9.171796500000028)
188;Panificio pasticceria Lia;Panificio;1907;Via Cappuccio;22;1;1;DUOMO;9.179410500000074;45.46386000000007;(45.46386000000007, 9.179410500000074)
189;Panificio Troian;Panificio, pasticceria;1913;P.le Cantore;5;1;6;PORTA TICINESE - CONCA DEL NAVIGLIO;9.174474000000032;45.45543600000008;(45.45543600000008, 9.174474000000032)
190;Panzerotti Luini;Panificio;1888;via Santa Raedegonda;16;1;1;DUOMO;9.191443500000048;45.465813000000026;(45.465813000000026, 9.191443500000048)
191;Paride parrucche;Produzione artigianale parrucche;1937;Via San Prospero;4;1;2;BRERA;9.185715000000073;45.46609200000006;(45.46609200000006, 9.185715000000073)
192;Pasticceria Paradiso;Pasticceria;1949;C.so di P.ta Vigentina;10;1;5;PORTA VIGENTINA - PORTA LODOVICA;9.195534000000066;45.45539100000008;(45.45539100000008, 9.195534000000066)
193;Pasticceria Villa Caffetteria;Bar Pasticceria;1896;P.le Cadorna;9;1;7;MAGENTA - S. VITTORE;9.176413500000024;45.46767600000004;(45.46767600000004, 9.176413500000024)
194;Peck;Salumeria, gastronomia;1883;Via Spadari;9;1;1;DUOMO;9.187024500000064;45.463509000000045;(45.463509000000045, 9.187024500000064)
195;Pellicceria Lagori Francesco;Pellicceria e accessori;1944;Via G. Morone;3;1;1;DUOMO;9.191835000000026;45.46810800000003;(45.46810800000003, 9.191835000000026)
196;Pellicceria Primerose;Pellicceria e accessori;1950;Via San Prospero;1;1;2;BRERA;9.186012000000062;45.46598400000005;(45.46598400000005, 9.186012000000062)
197;Pintica d'arte orafa F.lli Martino;Oreficeria;1923;Via F. Sforza;1;1;4;GUASTALLA;9.198760500000049;45.46304100000003;(45.46304100000003, 9.198760500000049)
198;Pisa Orologeria;Riparazione orologi;1940;Via Montenapoleone;9;1;1;DUOMO;9.195097500000031;45.46824300000003;(45.46824300000003, 9.195097500000031)
199;Pizzeria di Porta Garibaldi;Ristorante - Pizzeria;1956;C.so Como;6;9;9;PORTA GARIBALDI - PORTA NUOVA;9.18733050000003;45.48158100000006;(45.48158100000006, 9.18733050000003)
200;Premiata pescheria Spadari;Pescheria;1933;via Hugo Victor;3;1;1;DUOMO;9.187254000000053;45.46377000000007;(45.46377000000007, 9.187254000000053)
201;Profumeria Mazzolari;Profumeria;1950;Corso Monforte;2;1;1;DUOMO;9.19823400000007;45.46672200000006;(45.46672200000006, 9.19823400000007)
202;Ravizza Sport;Abbigliamento sport;1871;Via Hoepli;3;1;1;DUOMO;9.19218600000005;45.46625400000005;(45.46625400000005, 9.19218600000005)
203;Renna sport;Abbigliamento;1927;Piazza Diaz;1;1;1;DUOMO;9.189998246000073;45.46234410900007;(45.46234410900007, 9.189998246000073)
204;Rimoldi Ottico in Milano;Ottica;1907;Viale G. D'Annunzio;9;1;6;PORTA TICINESE - CONCA DEL NAVIGLIO;9.175554000000034;45.45457200000004;(45.45457200000004, 9.175554000000034)
205;Rinaldi gioielli;Oreficeria, orologeria, gioielleria;1959;Via Correnti Cesare;15;1;1;DUOMO;9.179451000000029;45.45945900000004;(45.45945900000004, 9.179451000000029)
206;Ristorante al Girarrosto da Cesarina;Ristorante;1937;C.so Venezia;31;1;4;GUASTALLA;9.199849500000028;45.46963800000003;(45.46963800000003, 9.199849500000028)
207;Ristorante al Mercante;Ristorante;1919;P.za Mercanti;17;1;1;DUOMO;9.187303500000041;45.46476900000005;(45.46476900000005, 9.187303500000041)
208;Ristorante da Bruno;Ristorante;1939;Via Gonzaga Maurizio;6;1;1;DUOMO;9.188770500000032;45.46151100000003;(45.46151100000003, 9.188770500000032)
209;Ristorante Don Lisander;Ristorante;1947;Via Manzoni;12/a;1;1;DUOMO;9.191547000000071;45.468855000000076;(45.468855000000076, 9.191547000000071)
210;Ristorante Papà Francesco;Ristorante;1946;Via Tommaso Marino;7;1;1;DUOMO;9.190327500000024;45.46633500000007;(45.46633500000007, 9.190327500000024)
211;Ristorante Quattro Mori;Ristorante;1949;Largo Maria Callas;1;1;1;DUOMO;9.181174500000054;45.46743300000003;(45.46743300000003, 9.181174500000054)
212;Ristorante Rigolo;Ristorante;1958;Via Solferino;11;1;2;BRERA;9.186889500000063;45.474912000000074;(45.474912000000074, 9.186889500000063)
213;Rivola rasoi elettrici;Coltelleria, elettrodomestici;1926;P.zza Morselli;3;1;69;SARPI;9.174685500000066;45.47874600000006;(45.47874600000006, 9.174685500000066)
214;Ronchetti Dolciumi;Dolciumi;1952;Viale Coni Zugna;39;1;7;MAGENTA - S. VITTORE;9.168624000000023;45.45775800000007;(45.45775800000007, 9.168624000000023)
215;Ronchi 78;Ristorante, bar;1934;Via San Maurilio;7;1;1;DUOMO;9.184810500000026;45.46166400000004;(45.46166400000004, 9.184810500000026)
216;Ruggeri;Abbigliamento, camiceria;1936;P.zza Duomo;21;1;1;DUOMO;9.189585000000022;45.464841000000035;(45.464841000000035, 9.189585000000022)
217;Sala del Cane;Animali domestici e accessori;1958;Via Niccolini G. Battista;2;1;69;SARPI;9.177601500000037;45.47937600000006;(45.47937600000006, 9.177601500000037)
218;Salone 900;Articoli per calzature;1911;Via Dogana;4;1;1;DUOMO;9.188721000000044;45.463347000000056;(45.463347000000056, 9.188721000000044)
219;Salumeria e Gastronomia Cerva;Salumeria;1956;Via Cerva;6;1;1;DUOMO;9.19839150000007;45.46377000000007;(45.46377000000007, 9.19839150000007)
220;Salumeria Lia;Salumeria;1907;Via Vigna;5;1;1;DUOMO;9.179550000000063;45.463986000000034;(45.463986000000034, 9.179550000000063)
221;Salvatore e Gianni;Parrucchiere per uomo;1929;Via Mazzini;20;1;1;DUOMO;9.188356500000054;45.461763000000076;(45.461763000000076, 9.188356500000054)
222;Sangalli;Orologeria, gioielleria;1900;Via Bergamini;7;1;1;DUOMO;9.19415250000003;45.46179900000004;(45.46179900000004, 9.19415250000003)
223;Savini;Ristorante;1911;Via Ugo Foscolo;5;1;1;DUOMO;9.190651500000058;45.46574100000004;(45.46574100000004, 9.190651500000058)
224;Scavia;Gioielleria;1919;Via della Spiga;9;1;1;DUOMO;9.197815500000047;45.469287000000065;(45.469287000000065, 9.197815500000047)
225;Schiavio e Bolzani;Tele metalliche;1920;Via C. Correnti;19;1;1;DUOMO;9.178960500000073;45.45927900000004;(45.45927900000004, 9.178960500000073)
226;Schreiber Gioielli;Gioielleria;1947;Via Rossari Luigi;5;1;1;DUOMO;9.194962500000031;45.470529000000056;(45.470529000000056, 9.194962500000031)
227;Silvia Merceria Foderami;Merceria;1924;Via Ferrari Gaudenzio;5;1;6;PORTA TICINESE - CONCA DEL NAVIGLIO;9.175621500000034;45.45576900000003;(45.45576900000003, 9.175621500000034)
228;Specialità dolciarie di Battimelli M. C.;Pasticceria;1940;Via Meravigli;14;1;1;DUOMO;9.182412000000056;45.46580400000005;(45.46580400000005, 9.182412000000056)
229;Stivaleria Savoia;Calzature;1960;Via Petrarca;7;1;7;MAGENTA - S. VITTORE;9.169380000000046;45.47115900000006;(45.47115900000006, 9.169380000000046)
230;Tabaccheria Santambrogio;Bar - Tabacchi;1958;Via Sarpi Frà Paolo;27;1;69;SARPI;9.175995000000057;45.48132900000007;(45.48132900000007, 9.175995000000057)
231;Taveggia;Pasticceria;1909;Via Visconti di Modrone;2;1;4;GUASTALLA;9.199089000000072;45.46335600000003;(45.46335600000003, 9.199089000000072)
232;Taverna Moriggi;Cantina con ristorante;1900;Via Morigi;8;1;1;DUOMO;9.180859500000054;45.463869000000045;(45.463869000000045, 9.180859500000054)
233;Teatro Nuovo;Teatro;1938;P.za San Babila;3;1;1;DUOMO;9.197149500000023;45.46657800000003;(45.46657800000003, 9.197149500000023)
234;Tintoria De Leo;Lavanderia;1955;Via Rovello;8;1;2;BRERA;9.184783185000072;45.46877041500005;(45.46877041500005, 9.184783185000072)
235;Tintoria Tina;Tintoria;1958;Via Morazzone;10;1;69;SARPI;9.173758500000076;45.48042900000007;(45.48042900000007, 9.173758500000076)
236;Toldo Gelato e Caffè;Bar Gelateria;1934;Via Giuseppe Sacchi;6;1;2;BRERA;9.18472950000006;45.469512000000066;(45.469512000000066, 9.18472950000006)
237;Torriani;Bottega del Carnevale;1943;Via Mercato;5;1;2;BRERA;9.183811500000047;45.47176200000007;(45.47176200000007, 9.183811500000047)
238;Trattoria al Matarel;Ristorante Trattoria;1962;Corso Garibaldi;75;1;2;BRERA;9.183640500000024;45.475632000000076;(45.475632000000076, 9.183640500000024)
239;Trattoria Bagutta;Ristorante;1924;Via Bagutta;14;1;1;DUOMO;9.196573500000056;45.46773900000005;(45.46773900000005, 9.196573500000056)
240;Trattoria La Colonna;Latteria, trattoria;1922;Via S. Maria alla Porta;10;1;1;DUOMO;9.181161000000031;45.46537200000006;(45.46537200000006, 9.181161000000031)
241;Trattoria La Veneta;Trattoria;1938;Via G. Giusti;14;1;69;SARPI;9.177102000000048;45.480222000000026;(45.480222000000026, 9.177102000000048)
242;Trattoria Milanese;Trattoria;1918;Via S. Marta;11;1;1;DUOMO;9.183717000000058;45.46306800000008;(45.46306800000008, 9.183717000000058)
243;Trattoria Torre di Pisa;Ristorante, trattoria;1951;Via Fiori Chiari;21-May;1;2;BRERA;9.184671000000037;45.47178900000006;(45.47178900000006, 9.184671000000037)
244;Tutto per lo sport;Articoli sportivi;1926;Via Torino;52;1;1;DUOMO;9.184315500000025;45.46100700000005;(45.46100700000005, 9.184315500000025)
245;Valigeria Marchino;Commercio di valigeria e pelletteria;1962;Via Urbano III;4;1;1;DUOMO;9.181669500000055;45.45896400000004;(45.45896400000004, 9.181669500000055)
246;Vetrerie di Empoli;Vetrerie, cristallerie, porcellane;1938;Via Pietro Verri;4;1;1;DUOMO;9.19435500000003;45.46753200000006;(45.46753200000006, 9.19435500000003)
247;Viganò;Bigiotteria, chincaglieria;1919;Gall. Vittorio Emanuele II;14;1;1;DUOMO;9.190007877000028;45.465624467000055;(45.465624467000055, 9.190007877000028)
248;Viganò;Bigiotteria, chincaglieria;1919;Via P. Da Cannobbio;39;1;1;DUOMO;9.189216000000044;45.46044000000006;(45.46044000000006, 9.189216000000044)
249;Villa;Oreficeria, gioielleria;1876;Via Manzoni;23;1;2;BRERA;9.19218150000006;45.469629000000054;(45.469629000000054, 9.19218150000006)
250;Volpe tutto bimbi;Mobili ed articoli per l'infanzia;1936;Via Lomazzo Paolo;4;1;69;SARPI;9.173452500000053;45.48092400000007;(45.48092400000007, 9.173452500000053)
251;Walter;Abbigliamento;1932;C.so Italia;6;1;1;DUOMO;9.187924500000065;45.45996300000007;(45.45996300000007, 9.187924500000065)
252;Zanda Serrature di Sicurezza;Ferramenta;1911;Via Rovello;18;1;2;BRERA;9.184023000000025;45.468252000000064;(45.468252000000064, 9.184023000000025)
253;Zucca in Galleria;Bar, ristorante;1867;P.zza Duomo;21;1;1;DUOMO;9.189585000000022;45.464841000000035;(45.464841000000035, 9.189585000000022)
254;a' Riccione;Ristorante;1926;Via Taramelli;70;2;12;MACIACHINI - MAGGIOLINA;9.195907500000033;45.49438800000007;(45.49438800000007, 9.195907500000033)
255;Acconciature Unisex Rossi;Parrucchiere;1965;Via Padova;186;2;19;PADOVA - TURRO - CRESCENZAGO;9.237028500000065;45.50128200000006;(45.50128200000006, 9.237028500000065)
256;Agenzia viaggi F.S. Italturismo;Biglietteria ferroviaria;1951;Galleria Carrozze Stazione Centrale;0;;;;;;
257;Antica Gelateria Sartori;Chiosco Gelateria;1942;Piazza Luigi di Savoia;snc;2;10;STAZIONE CENTRALE - PONTE SEVESO;9.206807790000028;45.485719664000044;(45.485719664000044, 9.206807790000028)
258;Boutique Nella;Abbigliamento donna;1961;Viale Lunigiana;8;2;10;STAZIONE CENTRALE - PONTE SEVESO;9.20555100000007;45.49157100000008;(45.49157100000008, 9.20555100000007)
259;Bresciani Arte e Restauro;Cornici e quadri;1932;Via Val Camonica;14;2;16;GORLA - PRECOTTO;9.227598831000023;45.509081071000026;(45.509081071000026, 9.227598831000023)
260;Caffe Panzera;Bar;1931;P.zza Duca D'Aosta;10;2;10;STAZIONE CENTRALE - PONTE SEVESO;9.204439500000035;45.48379500000004;(45.48379500000004, 9.204439500000035)
261;Carrozzeria Barzaghi;Carrozzeria;1953;Via Keplero;33;2;12;MACIACHINI - MAGGIOLINA;9.194967000000076;45.493614000000036;(45.493614000000036, 9.194967000000076)
262;Cartoleria Gambardella;Cartoleria;1951;Viale Monza;61/A;2;20;LORETO - CASORETTO - NOLO;9.218524500000058;45.49290300000007;(45.49290300000007, 9.218524500000058)
263;Cartoleria Parolini Mariangela;Cartoleria;1949;Via Fabio Filzi;41;2;10;STAZIONE CENTRALE - PONTE SEVESO;9.202752000000032;45.48776400000003;(45.48776400000003, 9.202752000000032)
264;Da Berti;Ristorante;1843;Via Algarotti;20;2;11;ISOLA;9.196659000000068;45.48853800000006;(45.48853800000006, 9.196659000000068)
265;Drogheria La Casa del Miele;Drogheria, pizzicheria;1929;V.le Zara;132;2;12;MACIACHINI - MAGGIOLINA;9.197833500000058;45.500688000000025;(45.500688000000025, 9.197833500000058)
266;Excelsior Hotel Gallia;Albergo;1932;P.zza Duca D'Aosta;9;2;10;STAZIONE CENTRALE - PONTE SEVESO;9.201933000000054;45.485802000000035;(45.485802000000035, 9.201933000000054)
267;Farmacia Ponte Seveso;Farmacia;1888;Via Schiaparelli;4;2;10;STAZIONE CENTRALE - PONTE SEVESO;9.205380000000048;45.489573000000064;(45.489573000000064, 9.205380000000048)
268;Ferramenta Bocchiola;Ferramenta;1920;Via Prospero Finzi;2;2;16;GORLA - PRECOTTO;9.221985000000075;45.504927000000066;(45.504927000000066, 9.221985000000075)
269;Frascolla riparazioni elettrodomestici;Materiale elettrico;1913;Via Plinio;22;3;21;BUENOS AIRES - PORTA VENEZIA - PORTA MONFORTE;9.214195500000073;45.478188000000046;(45.478188000000046, 9.214195500000073)
270;G. Cova & C.;Pasticceria;1930;V.le Monza;91;2;20;LORETO - CASORETTO - NOLO;9.219321000000036;45.49553100000003;(45.49553100000003, 9.219321000000036)
271;Il panificio di Pizzochero;Panificio;1925;P.zza Oberdan;2;3;21;BUENOS AIRES - PORTA VENEZIA - PORTA MONFORTE;9.205615310000042;45.47456095300004;(45.47456095300004, 9.205615310000042)
272;La Bottega del Gelato Cardelli;Gelateria;1964;Via Pergolesi;3;3;21;BUENOS AIRES - PORTA VENEZIA - PORTA MONFORTE;9.21316500000006;45.48346200000003;(45.48346200000003, 9.21316500000006)
273;Lanfranchi;Autoricambi;1961;Via Padova;157;2;19;PADOVA - TURRO - CRESCENZAGO;9.235377000000028;45.500391000000036;(45.500391000000036, 9.235377000000028)
274;Massaini gioielleria;Gioielleria, oreficeria, orologeria;1957;Via Schiaparelli;4;2;10;STAZIONE CENTRALE - PONTE SEVESO;9.205380000000048;45.489573000000064;(45.489573000000064, 9.205380000000048)
275;Mattioli;Oggetti d'arte, lavorazione vetri;1935;Via Settembrini;43;2;10;STAZIONE CENTRALE - PONTE SEVESO;9.20835900000003;45.48419100000007;(45.48419100000007, 9.20835900000003)
276;Ottica Valsecchi;Prodotti ottici e fotografici;1928;Via Ponte Seveso;19;2;10;STAZIONE CENTRALE - PONTE SEVESO;9.204043500000068;45.48897000000005;(45.48897000000005, 9.204043500000068)
277;Panificio Piazza;Panificio, pasticceria;1940;via Luigi Settembrini;41;2;10;STAZIONE CENTRALE - PONTE SEVESO;9.208228500000075;45.484065000000044;(45.484065000000044, 9.208228500000075)
278;Panificio Potenza;Panificio, pasticceria;1938;Viale Nazario Sauro;9;2;11;ISOLA;9.195169500000077;45.491805000000056;(45.491805000000056, 9.195169500000077)
279;Parrucchiere Covello;Barbiere;1961;Via Vittor Pisani;7;2;10;STAZIONE CENTRALE - PONTE SEVESO;9.199377000000027;45.48144600000006;(45.48144600000006, 9.199377000000027)
280;Pasta Fresca, Granaglie e….;Pasta alimentari e granaglie;1931;Via Ponte Seveso;19;2;10;STAZIONE CENTRALE - PONTE SEVESO;9.204043500000068;45.48897000000005;(45.48897000000005, 9.204043500000068)
281;Pasticceria G. Motta;Pasticceria, bar, gelateria;1957;Via Cislaghi;2;2;16;GORLA - PRECOTTO;9.225031500000057;45.51224400000007;(45.51224400000007, 9.225031500000057)
282;Pescheria Moderna;Pescheria;1958;Via Ponte Seveso;17;2;10;STAZIONE CENTRALE - PONTE SEVESO;9.203877000000034;45.48880800000006;(45.48880800000006, 9.203877000000034)
283;Provini Longhi;Abbigliamento e accessori moto e auto;1923;Via Vitruvio;9;3;21;BUENOS AIRES - PORTA VENEZIA - PORTA MONFORTE;9.209106000000077;45.48096000000004;(45.48096000000004, 9.209106000000077)
284;Ristorante Giglio Rosso;Ristorante;1955;Piazza Luigi di Savoia;2;2;10;STAZIONE CENTRALE - PONTE SEVESO;9.205524000000025;45.48449700000003;(45.48449700000003, 9.205524000000025)
285;Salumeria Gastronomia A. Fazzi;Salumeria Gastronomia Rosticceria;1953;Via Golfo degli Aranci;12;2;16;GORLA - PRECOTTO;9.235246500000073;45.505746000000045;(45.505746000000045, 9.235246500000073)
286;Trattoria Novelli;Trattoria;1927;Via Padova;344;2;19;PADOVA - TURRO - CRESCENZAGO;9.254380500000025;45.51112800000004;(45.51112800000004, 9.254380500000025)
287;Viel;Gelateria;1948;V.le Monza;222;2;16;GORLA - PRECOTTO;9.224730000000022;45.512109000000066;(45.512109000000066, 9.224730000000022)
288;Antica cartoleria Novecento;Cartoleria;1899;Piazza Risorgimento;3;3;21;BUENOS AIRES - PORTA VENEZIA - PORTA MONFORTE;9.210037500000055;45.46844100000004;(45.46844100000004, 9.210037500000055)
289;Antica farmacia del Lazzaretto;Farmacia;1750;Via Panfilo Castaldi;29;3;21;BUENOS AIRES - PORTA VENEZIA - PORTA MONFORTE;9.203562000000034;45.47652300000004;(45.47652300000004, 9.203562000000034)
290;Autorimessa Cesena;Autorimessa;1950;P.zza Novelli;2;3;21;BUENOS AIRES - PORTA VENEZIA - PORTA MONFORTE;9.218758500000035;45.47038500000008;(45.47038500000008, 9.218758500000035)
291;Bagatti Bottega artigiani bronzisti;Bronzista, lavorazione metalli;1927;Via Casoretto;5;3;20;LORETO - CASORETTO - NOLO;9.225283500000046;45.48888000000005;(45.48888000000005, 9.225283500000046)
292;Cappelleria Mutinelli;Abbigliamento, cappelli e accesori;1888;C.so Buenos Aires;5;3;21;BUENOS AIRES - PORTA VENEZIA - PORTA MONFORTE;9.206293500000072;45.475992000000076;(45.475992000000076, 9.206293500000072)
293;Castiglioni;Merceria Abbigliamento;1951;Via Giovanni Pascoli;18/A;3;21;BUENOS AIRES - PORTA VENEZIA - PORTA MONFORTE;9.220185000000072;45.47452500000003;(45.47452500000003, 9.220185000000072)
294;Cicli Coss;Riparazione e vendita biciclette;1945;Via Canaletto;1;3;22;CITTA' STUDI;9.227610000000027;45.46984500000008;(45.46984500000008, 9.227610000000027)
295;Cinefoto Susa;Foto ottica;1935;P.le Susa;13;3;22;CITTA' STUDI;9.224662500000022;45.46871100000004;(45.46871100000004, 9.224662500000022)
296;Cuoccio Giuseppe restauri antichità;Restauro mobili antichi;1954;Via Sansovino;28;3;21;BUENOS AIRES - PORTA VENEZIA - PORTA MONFORTE;9.22043700000006;45.47909700000008;(45.47909700000008, 9.22043700000006)
297;Ditta Davide Collini di F.lli Bugada;Casalinghi, coltelleria;1883;C.so Buenos Aires;8;3;21;BUENOS AIRES - PORTA VENEZIA - PORTA MONFORTE;9.206671500000027;45.475857000000076;(45.475857000000076, 9.206671500000027)
298;Farmacia Dott. Marinoni;Farmacia;1901;C.so Buenos Aires;55;3;21;BUENOS AIRES - PORTA VENEZIA - PORTA MONFORTE;9.212548500000025;45.48217500000004;(45.48217500000004, 9.212548500000025)
299;Farmacia Mazzoleni;Farmacia;1908;Via N. Piccinni;1-Mar;3;21;BUENOS AIRES - PORTA VENEZIA - PORTA MONFORTE;9.21637871400003;45.48200632600003;(45.48200632600003, 9.21637871400003)
300;Gioielleria Brunetti;Gioielleria Orologeria;1925;Via Rombon;33;3;18;CIMIANO - ROTTOLE - Q.RE FELTRE;9.241182000000038;45.486432000000036;(45.486432000000036, 9.241182000000038)
301;Gioielleria Cortelazzi;Gioielleria, orologeria, agenteria;1953;Galleria Buenos Aires;3;3;21;BUENOS AIRES - PORTA VENEZIA - PORTA MONFORTE;9.210127500000056;45.47909700000008;(45.47909700000008, 9.210127500000056)
302;Gioielleria del Corso;Gioielleria, orologeria;1958;Piazza Lima;3;3;21;BUENOS AIRES - PORTA VENEZIA - PORTA MONFORTE;9.210991500000034;45.48060000000004;(45.48060000000004, 9.210991500000034)
303;Grancini Vini e Liquori;Vini e liquori;1938;Via Lazzaro Spallanzani;18;3;21;BUENOS AIRES - PORTA VENEZIA - PORTA MONFORTE;9.207648000000063;45.47604600000005;(45.47604600000005, 9.207648000000063)
304;Guerrini merceria maglieria;Merceria, maglieria, intimo;1931;Via Sansovino;1;3;21;BUENOS AIRES - PORTA VENEZIA - PORTA MONFORTE;9.217534500000056;45.47921400000007;(45.47921400000007, 9.217534500000056)
305;Gusella;Abbigliamento, calzature, access. bambino;1952;Via Casati Felice;2;3;21;BUENOS AIRES - PORTA VENEZIA - PORTA MONFORTE;9.207270000000051;45.47713500000003;(45.47713500000003, 9.207270000000051)
306;Il Grifo d'oro Enoteca;Enoteca;1937;Via Porpora;157;3;20;LORETO - CASORETTO - NOLO;9.231934500000023;45.486207000000036;(45.486207000000036, 9.231934500000023)
307;Il punto pane…e non solo quello;Panificio;1944;Via Vallazze;34;3;21;BUENOS AIRES - PORTA VENEZIA - PORTA MONFORTE;9.223236000000043;45.484128000000055;(45.484128000000055, 9.223236000000043)
308;Impresa Speranza srl Servizi di pulizia;Impresa di pulizie;1900;Via Ronchi;16-Jun;3;18;CIMIANO - ROTTOLE - Q.RE FELTRE;9.237289500000031;45.48764700000004;(45.48764700000004, 9.237289500000031)
309;La Musicale del M° G. Guerrini;Strumenti Musicali;1964;Via G. C. Procaccini;63;8;69;SARPI;9.167229000000077;45.48127500000004;(45.48127500000004, 9.167229000000077)
310;La Stilografica Penne Timbri Targhe;Penne, timbri e targhe;1926;C.so Buenos Aires;53;3;21;BUENOS AIRES - PORTA VENEZIA - PORTA MONFORTE;9.212319000000036;45.48193200000003;(45.48193200000003, 9.212319000000036)
311;Lucchino;Abbigliamento;1948;Via Carlo Forlanini;19;3;22;CITTA' STUDI;9.232146000000057;45.471888000000035;(45.471888000000035, 9.232146000000057)
312;Macelleria Eredi Bottini Andrea;Macelleria;1936;Via Briosi;10;3;22;CITTA' STUDI;9.228766500000063;45.47053800000003;(45.47053800000003, 9.228766500000063)
313;Macelleria Pellegrini;Macelleria;1949;Via Spallanzani;6;3;21;BUENOS AIRES - PORTA VENEZIA - PORTA MONFORTE;9.206473500000072;45.475344000000064;(45.475344000000064, 9.206473500000072)
314;Mangiafuoco bracerie;Ristorante, bar;1951;Via Pisacane Carlo;40;3;21;BUENOS AIRES - PORTA VENEZIA - PORTA MONFORTE;9.211243500000023;45.473310000000026;(45.473310000000026, 9.211243500000023)
315;Mosele Gioielleria;Gioielleria Orologeria;1957;Viale Tunisia;25;3;21;BUENOS AIRES - PORTA VENEZIA - PORTA MONFORTE;9.202801500000021;45.47837700000008;(45.47837700000008, 9.202801500000021)
316;Pasticceria Migliavacca Alberto;Pasticceria;1958;Via Ajaccio;13;3;22;CITTA' STUDI;9.234900000000039;45.47043000000008;(45.47043000000008, 9.234900000000039)
317;Pinuccia;Parrucchiere per signora;1954;Via Eustachi;8;3;21;BUENOS AIRES - PORTA VENEZIA - PORTA MONFORTE;9.21492900000004;45.47421000000003;(45.47421000000003, 9.21492900000004)
318;Preattoni Arrotino;Coltelleria, arrotino;1911;Via Porpora;5;3;20;LORETO - CASORETTO - NOLO;9.218785500000024;45.48610800000006;(45.48610800000006, 9.218785500000024)
319;Principe;Cinturini per orologi;1944;Via Amedeo D'Aosta;5;3;21;BUENOS AIRES - PORTA VENEZIA - PORTA MONFORTE;9.217926000000034;45.47438100000005;(45.47438100000005, 9.217926000000034)
320;Tisci Pellicceria;Pellicceria;1949;Via Pacini;24;3;22;CITTA' STUDI;9.228577500000029;45.48184200000003;(45.48184200000003, 9.228577500000029)
321;Valigeria Canevari;Valigeria;1925;Via Pecchio;1;3;21;BUENOS AIRES - PORTA VENEZIA - PORTA MONFORTE;9.215860500000076;45.48473100000007;(45.48473100000007, 9.215860500000076)
322;Antica trattoria Bagutto;Trattoria;1284;Via Vittorini;4;4;31;MONLUE' - PONTE LAMBRO;9.260860500000035;45.44425800000005;(45.44425800000005, 9.260860500000035)
323;Calzoleria Campi;Calzoleria;1959;Via Riva di Trento;1;4;35;LODI - CORVETTO;9.215995500000076;45.43853400000006;(45.43853400000006, 9.215995500000076)
324;Cartoleria Tipografia F.lli Bonvini;Cancelleria, cartoleria;1909;Via Tagliamento;1;4;35;LODI - CORVETTO;9.215433000000075;45.44390700000008;(45.44390700000008, 9.215433000000075)
325;Coltelleria Avalli;Coltelleria Ferramenta;1926;Via Sanfelice;12;4;28;UMBRIA - MOLISE - CALVAIRATE;9.223335000000077;45.456417000000044;(45.456417000000044, 9.223335000000077)
326;De Fabiani calzature;Calzature;1892;Via Monte Cengio;6;4;33;ROGOREDO - SANTA GIULIA;9.244521000000077;45.43165800000003;(45.43165800000003, 9.244521000000077)
327;Gioielleria Labadini;Gioielleria, Orologeria;1909;Via F. Anzani;2;4;26;XXII MARZO;9.213313500000027;45.46193400000004;(45.46193400000004, 9.213313500000027)
328;Gioielleria Mario Sessa;Gioielleria;1955;Via Ciceri Visconti;2;4;28;UMBRIA - MOLISE - CALVAIRATE;9.220176000000038;45.455400000000054;(45.455400000000054, 9.220176000000038)
329;Gioielleria Stadler;Gioielleria Orologeria;1952;P.le Corvetto;1;4;35;LODI - CORVETTO;9.224273656000037;45.43974288600003;(45.43974288600003, 9.224273656000037)
330;Grassi vetrate artistiche;Produzione artigianale, vetrate artistiche;1946;Via Piranesi;39;4;25;CORSICA;9.229603500000053;45.46084500000006;(45.46084500000006, 9.229603500000053)
331;Il Gioiello Creperio C.E.;Gioelleria;1957;Viale Campania;30;4;25;CORSICA;9.224190000000021;45.46507500000007;(45.46507500000007, 9.224190000000021)
332;Invernizzi;Vendita Materiale Elettrico,Elettonico,Ferramenta;1923;Viale Monte Nero;73;1;4;GUASTALLA;9.207423000000063;45.46116900000004;(45.46116900000004, 9.207423000000063)
333;L'arrotino coltellinaio di Porta Romana;Arrotino coltellinaio;1890;Via Bergamo;12;4;26;XXII MARZO;9.20813400000003;45.456705000000056;(45.456705000000056, 9.20813400000003)
334;Libreria La Tramite;Libreria;1946;P.le Medaglie d'Oro;3;4;27;PTA ROMANA;9.203071500000021;45.45217800000006;(45.45217800000006, 9.203071500000021)
335;Maglieria Tina;Abbigliamento;1962;Via Tito Livio;24;4;28;UMBRIA - MOLISE - CALVAIRATE;9.218331000000035;45.450927000000036;(45.450927000000036, 9.218331000000035)
336;Magnani Gioielli;Gioielleria Orologeria;1963;Via Arconati;2;4;28;UMBRIA - MOLISE - CALVAIRATE;9.217687500000068;45.45794700000005;(45.45794700000005, 9.217687500000068)
337;Ottica Busetti;Ottico;1959;Via Brenta;7;4;35;LODI - CORVETTO;9.215266500000041;45.44134200000008;(45.44134200000008, 9.215266500000041)
338;Panificio Denicolò;Panificio;1952;Viale Umbria;66;4;28;UMBRIA - MOLISE - CALVAIRATE;9.216589500000055;45.455130000000054;(45.455130000000054, 9.216589500000055)
339;Panificio Gatti;Panificio;1909;Via Nicastro;4;4;28;UMBRIA - MOLISE - CALVAIRATE;9.221674500000063;45.45206100000007;(45.45206100000007, 9.221674500000063)
340;Parrucchiere Gino;Parrucchiere;1899;Via P.Castaldi;32;3;21;BUENOS AIRES - PORTA VENEZIA - PORTA MONFORTE;9.204178500000069;45.476091000000054;(45.476091000000054, 9.204178500000069)
341;Pasticceria Anfossi;Pasticceria, panetteria;1961;Via Carabelli;1;4;28;UMBRIA - MOLISE - CALVAIRATE;9.221220000000073;45.45036900000008;(45.45036900000008, 9.221220000000073)
342;Seganti Arreda;Commercio di mobili e articoli di arredamento;1955;Via L. Papi;12;4;27;PTA ROMANA;9.207450000000051;45.45071100000007;(45.45071100000007, 9.207450000000051)
343;Trattoria Masuelli S. Marco;Trattoria;1921;V.le Umbria;80;4;28;UMBRIA - MOLISE - CALVAIRATE;9.217174500000056;45.456390000000056;(45.456390000000056, 9.217174500000056)
344;Vismoto F.lli Visioli;Riparazione motocicli e automezzi;1919;Via Spartaco;31;4;26;XXII MARZO;9.21205800000007;45.45814500000006;(45.45814500000006, 9.21205800000007)
345;Antica Osteria de il Ronchettino;Osteria;1929;Via Lelio Basso;9;5;41;GRATOSOGLIO - Q.RE MISSAGLIA - Q.RE TERRAZZE;9.174105000000054;45.40440600000005;(45.40440600000005, 9.174105000000054)
346;Antico Forno Gelmini;Panificio, pasticceria;1903;Via Montegani;66;5;42;STADERA - CHIESA ROSSA - Q.RE TORRETTA - CONCA FALLATA;9.17750250000006;45.43212600000004;(45.43212600000004, 9.17750250000006)
347;Arioli Intimo;Abbigliamento intimo;1955;Via Piacenza;9;5;27;PTA ROMANA;9.203872500000045;45.44915400000008;(45.44915400000008, 9.203872500000045)
348;Biciclette Drali;Ricambi per cicli e motocicli;1925;Via Agilulfo;18;5;42;STADERA - CHIESA ROSSA - Q.RE TORRETTA - CONCA FALLATA;9.17443350000002;45.433215000000075;(45.433215000000075, 9.17443350000002)
349;Brambilla Calzature;Calzature;1936;Via Ripamonti;7/a;5;27;PTA ROMANA;9.197068500000057;45.45028800000006;(45.45028800000006, 9.197068500000057)
350;Calzoleria Palmeri;Calzolaio;1957;Via Neera;22;5;42;STADERA - CHIESA ROSSA - Q.RE TORRETTA - CONCA FALLATA;9.177304500000048;45.43288200000006;(45.43288200000006, 9.177304500000048)
351;Cartoleria Boati Claudio;Cartoleria Libreria;1942;Viale Sabotino;2;5;27;PTA ROMANA;9.197104500000023;45.45080100000007;(45.45080100000007, 9.197104500000023)
352;Castellucchio gomme;Gommista;1946;Via G.C. Passeroni;1;5;27;PTA ROMANA;9.205321500000025;45.44973900000008;(45.44973900000008, 9.205321500000025)
353;Coltellerie Italiane Zoppis;Coltelleria Ferramenta;1945;Viale Sabotino;10;5;27;PTA ROMANA;9.198783000000049;45.45081000000005;(45.45081000000005, 9.198783000000049)
354;Farmacia Minerva;Farmacia;1910;Via Crema;17;5;27;PTA ROMANA;9.202824000000021;45.449100000000044;(45.449100000000044, 9.202824000000021)
355;Farmacia Roma;Farmacia;1932;Via Piacenza;24;5;27;PTA ROMANA;9.205515000000048;45.44922600000007;(45.44922600000007, 9.205515000000048)
356;Farmacia San Gottardo;Farmacia;1886;Via Pavia;1;5;6;PORTA TICINESE - CONCA DEL NAVIGLIO;9.179167500000062;45.447219000000075;(45.447219000000075, 9.179167500000062)
357;Ferramenta casalinghi T. Prato;Ferramenta, casalinghi;1927;Via Bligny;66;5;5;PORTA VIGENTINA - PORTA LODOVICA;9.189025633000028;45.451228505000074;(45.451228505000074, 9.189025633000028)
358;Foto Cine Ottica Brambilla;Ottico;1965;Viale Tibaldi;42;5;6;PORTA TICINESE - CONCA DEL NAVIGLIO;9.182025000000067;45.44381700000008;(45.44381700000008, 9.182025000000067)
359;Ganci argenterie;Argenterie;1926;Via Altaguardia;11;5;27;PTA ROMANA;9.200101500000073;45.449505000000045;(45.449505000000045, 9.200101500000073)
360;Gattullo;Bar Pasticceria;1961;Piazzale di Porta Lodovica;2;5;6;PORTA TICINESE - CONCA DEL NAVIGLIO;9.185841000000039;45.45211500000005;(45.45211500000005, 9.185841000000039)
361;Gioielleria Corsi;Gioielleria Orologeria;1949;Corso Lodi;12;5;27;PTA ROMANA;9.20489850000007;45.450297000000035;(45.450297000000035, 9.20489850000007)
362;Gioielleria Zingaro;Gioielleria, orologeria;1952;Via Ripamonti;3/A;5;27;PTA ROMANA;9.196830000000034;45.45132300000006;(45.45132300000006, 9.196830000000034)
363;Nel tempo ricambi agricoli Bidoja;Officina meccanica;1914;Via Pomponazzi;16;5;43;TIBALDI;9.180936000000031;45.441711000000055;(45.441711000000055, 9.180936000000031)
364;Osteria di Quintosole;Ristorante;1903;Via Quintosole;35;5;39;QUINTOSOLE;9.20447100000007;45.40194000000008;(45.40194000000008, 9.20447100000007)
365;Ottica Aleardi;Ottico;1919;Corso San Gottardo;2;5;6;PORTA TICINESE - CONCA DEL NAVIGLIO;9.179955000000064;45.45177300000006;(45.45177300000006, 9.179955000000064)
366;Panificio Lorenzo Belverato;Panificio;1925;Via Palladio;2;5;27;PTA ROMANA;9.19778400000007;45.448416000000066;(45.448416000000066, 9.19778400000007)
367;Pasini;Legatoria e cartotecnica;1922;V.le Tibaldi;3;5;6;PORTA TICINESE - CONCA DEL NAVIGLIO;9.17722800000007;45.44381700000008;(45.44381700000008, 9.17722800000007)
368;Pasticceria Sommariva;Pasticceria, bar;1919;Via Crema;25;5;27;PTA ROMANA;9.203040000000044;45.44811000000004;(45.44811000000004, 9.203040000000044)
369;Ronchetti Dolciumi;Drogheria, Dolciumi;1956;Viale Tibaldi;48;5;6;PORTA TICINESE - CONCA DEL NAVIGLIO;9.182466000000034;45.44395200000008;(45.44395200000008, 9.182466000000034)
370;Viola;Abbigliamento uomo, donna;1938;Via Trincea delle Frasche;1;5;6;PORTA TICINESE - CONCA DEL NAVIGLIO;9.181138500000031;45.45204300000006;(45.45204300000006, 9.181138500000031)
371;Arzigozzoviglieria di Giorgio Pastore;Oggetti usati;1940;Via Alzaia Naviglio Grande;8;6;44;PORTA TICINESE - CONCHETTA;9.175765500000068;45.45209700000004;(45.45209700000004, 9.175765500000068)
372;Barbiere Tonino;Parrucchiere;1964;Ripa di Porta Ticinese;27;6;44;PORTA TICINESE - CONCHETTA;9.175090500000067;45.45164700000004;(45.45164700000004, 9.175090500000067)
373;Brunelli Latteria;Bar, latteria;1946;Via Enrico Stendhal;39;6;50;PORTA GENOVA;9.158521500000063;45.454311000000075;(45.454311000000075, 9.158521500000063)
374;Cinerarius Ermanno et Liberos;Parrucchiere;1967;Viale Coni Zugna;58;6;44;PORTA TICINESE - CONCHETTA;9.17092800000006;45.455967000000044;(45.455967000000044, 9.17092800000006)
375;Ferramenta Boroni;Ferramenta Casalinghi;1929;Via Giambellino;84;6;49;GIAMBELLINO;9.142933500000026;45.44897400000008;(45.44897400000008, 9.142933500000026)
376;Ferramenta Viganò Pietro;Ferramenta, casalinghi;1927;Via Montevideo;8;6;50;PORTA GENOVA;9.166432500000042;45.45575100000008;(45.45575100000008, 9.166432500000042)
377;Fornace Curti;Produzione artigianale terracotte e maioliche;1890;Via S. Giuseppe Cottolengo;40;6;48;RONCHETTO SUL NAVIGLIO - Q.RE LODOVICO IL MORO;9.144895500000075;45.44085600000005;(45.44085600000005, 9.144895500000075)
378;Gioielleria Bellocci e Figlio;Gioielleria, orologeria;1958;Via Tolstoi;40;6;49;GIAMBELLINO;9.150426000000039;45.45243000000005;(45.45243000000005, 9.150426000000039)
379;La Bottega del Ponte di Paolo Vitetta;Mobili arredo, restauro;1920;Via San Cristoforo;1;6;45;MONCUCCO - SAN CRISTOFORO;9.154386000000045;45.44764200000003;(45.44764200000003, 9.154386000000045)
380;Macelleria F.lli Rezzonico;Macelleria;1953;Via Tolstoi;45;6;49;GIAMBELLINO;9.149935500000026;45.45258300000006;(45.45258300000006, 9.149935500000026)
381;Manifattura Fraizzoli & c.;Uniformi, abbigliamento professionale;1923;Via Pogliaghi;5;6;49;GIAMBELLINO;9.143541000000027;45.44755200000003;(45.44755200000003, 9.143541000000027)
382;Martin Luciano e Figli;Produzione sacchi e abbigliamento;1938;Alzaia Naviglio Grande;58;6;44;PORTA TICINESE - CONCHETTA;9.170397000000037;45.45100800000006;(45.45100800000006, 9.170397000000037)
383;Merceria Ragusa;Merceria;1950;Via Giambellino;150;6;49;GIAMBELLINO;9.130558500000063;45.44497800000005;(45.44497800000005, 9.130558500000063)
384;Miranda Luigi;Parrucchiere per uomo;1951;Via Lorenteggio;30;6;52;BANDE NERE;9.146601000000032;45.45338400000003;(45.45338400000003, 9.146601000000032)
385;Occhiali Pelo;Ottico;1930;Via Solari;46;6;50;PORTA GENOVA;9.158580000000029;45.45402300000006;(45.45402300000006, 9.158580000000029)
386;Osteria al Giardinetto;Ristorante, osteria;1949;Via Tortona;19;6;50;PORTA GENOVA;9.166693500000065;45.45293400000003;(45.45293400000003, 9.166693500000065)
387;Ottica Degani;Ottica;1946;Ripa di Porta Ticinese;27;6;44;PORTA TICINESE - CONCHETTA;9.175090500000067;45.45164700000004;(45.45164700000004, 9.175090500000067)
388;Pagliarini ottica;Ottico;1957;Via Montegani;10;5;42;STADERA - CHIESA ROSSA - Q.RE TORRETTA - CONCA FALLATA;9.177988500000026;45.436401000000046;(45.436401000000046, 9.177988500000026)
389;Pane da tre generazioni;Panificio;1950;Via Tolstoi;45;6;49;GIAMBELLINO;9.149935500000026;45.45258300000006;(45.45258300000006, 9.149935500000026)
390;Pasticceria Castelnuovo;Pasticceria artigianale, bar;1956;Via Tulipani;18;6;49;GIAMBELLINO;9.13761450000004;45.44996400000008;(45.44996400000008, 9.13761450000004)
391;Pasticceria Giuseppe Martignetti;Pasticceria;1950;Via delle Primule;1;6;52;BANDE NERE;9.138748500000077;45.45087300000006;(45.45087300000006, 9.138748500000077)
392;Pasticceria Grecchi;Pasticceria;1960;Via Mussi;16;8;69;SARPI;9.16648200000003;45.482301000000064;(45.482301000000064, 9.16648200000003)
393;Salumeria Rosticceria Fratelli Mai;Salumeria;1943;Via Savona;23;6;50;PORTA GENOVA;9.166986000000065;45.45499500000005;(45.45499500000005, 9.166986000000065)
394;Sanguinetti Francobolli;Filatelia;1906;Via Solari;3;6;50;PORTA GENOVA;9.168228000000056;45.45681300000007;(45.45681300000007, 9.168228000000056)
395;Accessorauto Canosi;Accessori per auto;1962;Via Ricciarelli;43;7;57;SAN SIRO;9.137745000000052;45.46889100000004;(45.46889100000004, 9.137745000000052)
396;Argenterie italiane di Cattaneo;Argenteria;1919;Via V. Colonna;54;7;58;DE ANGELI - MONTE ROSA;9.148113000000023;45.46703700000006;(45.46703700000006, 9.148113000000023)
397;Arredamenti 2 emme;Mobili e complementi d'arredo;1940;Piazzale Selinunte;6;7;57;SAN SIRO;9.138235500000064;45.472293000000036;(45.472293000000036, 9.138235500000064)
398;Bonagurio Parrucchieri;Parrucchiere per signora;1962;Via Alberico Gentili;1;7;51;PORTA MAGENTA;9.15180300000003;45.463347000000056;(45.463347000000056, 9.15180300000003)
399;Bulloni Walter;Bar, caffetteria;1933;Via Lipari;2;7;51;PORTA MAGENTA;9.162387000000024;45.461520000000064;(45.461520000000064, 9.162387000000024)
400;Buzzo Gioielli;Gioielleria Orologeria;1961;Via F. Cherubini;3;7;68;PAGANO;9.159147000000075;45.46708200000006;(45.46708200000006, 9.159147000000075)
401;Calzature Pilon;Calzature donna;1934;Via S. Michele del Carso;6;7;51;PORTA MAGENTA;9.164385000000038;45.46510200000006;(45.46510200000006, 9.164385000000038)
402;Cartoleria Prandelli;Cartoleria;1950;Via Parmigianino;11;7;51;PORTA MAGENTA;9.147582000000057;45.46670400000005;(45.46670400000005, 9.147582000000057)
403;Casalinghi Mambriani;Casalinghi;1920;Via Belfiore;14;7;68;PAGANO;9.157819500000073;45.46758600000004;(45.46758600000004, 9.157819500000073)
404;Cavanna gioielleria;Gioielleria;1956;Via Dolci;26;7;57;SAN SIRO;9.14206050000007;45.473175000000026;(45.473175000000026, 9.14206050000007)
405;Colombo Gioiellieri;Gioielleria, Argenteria e Orologeria;1960;Corso Vercelli;29;7;51;PORTA MAGENTA;9.160888500000056;45.46634400000005;(45.46634400000005, 9.160888500000056)
406;De Molfetta;Camiceria, abbigliamento;1938;L.go Settimio Severo;1;7;51;PORTA MAGENTA;9.162441000000058;45.46611000000007;(45.46611000000007, 9.162441000000058)
407;Ferramenta al Murunasc;Ferramenta Casalinghi;1921;Via A. M. Ceriani;26;7;55;BAGGIO - Q.RE DEGLI OLMI - Q.RE VALSESIA;9.08889750000003;45.46224900000004;(45.46224900000004, 9.08889750000003)
408;Fiorista Carlo Palma;Fiorista;1948;Via Alberto da Giussano;1;7;68;PAGANO;9.164781000000062;45.46725300000003;(45.46725300000003, 9.164781000000062)
409;Gemelli;Abbigliamento, accessori;1927;C.so Vercelli;16;7;68;PAGANO;9.162162000000023;45.46647900000005;(45.46647900000005, 9.162162000000023)
410;Gioielleria Tiberio Mihail;Orologeria, oreficeria;1957;Via Washington;72;7;51;PORTA MAGENTA;9.154552500000023;45.45965700000005;(45.45965700000005, 9.154552500000023)
411;Lidia di Rosangela Bistolfi;Abbigliamento;1955;Via Sanzio Raffaello;29;7;58;DE ANGELI - MONTE ROSA;9.15137100000004;45.46751400000005;(45.46751400000005, 9.15137100000004)
412;Mobilificio Albertinelli;Mobilificio;1961;Via Albertinelli;2;7;57;SAN SIRO;9.139954500000044;45.47465100000005;(45.47465100000005, 9.139954500000044)
413;Panificio Bollani;Panificio;1930;Largo Settimio Severo;1;7;51;PORTA MAGENTA;9.162441000000058;45.46611000000007;(45.46611000000007, 9.162441000000058)
414;Panificio Bollani;Panificio;1930;P.le Baracca;10;1;7;MAGENTA - S. VITTORE;9.165210330000036;45.46601721900004;(45.46601721900004, 9.165210330000036)
415;Panificio Carminati Pane e Dolci;Panetteria Pasticceria;1962;Via Digione;9;7;51;PORTA MAGENTA;9.155223000000035;45.46040400000004;(45.46040400000004, 9.155223000000035)
416;Pasticceria Moriondo;Pasticceria;1909;Via Marghera;10;7;58;DE ANGELI - MONTE ROSA;9.154174500000067;45.46756800000003;(45.46756800000003, 9.154174500000067)
417;Punto Moda di Soricaro Gaetano;Parrucchiere per signora;1955;Via Domenichino;2;7;58;DE ANGELI - MONTE ROSA;9.15003900000005;45.47392200000007;(45.47392200000007, 9.15003900000005)
418;Seraphini;Panificio, pasticceria;1958;Via F. Faruffini;3;7;58;DE ANGELI - MONTE ROSA;9.149544000000049;45.46699200000006;(45.46699200000006, 9.149544000000049)
419;Sintolvox;Radio, TV, elettrodomestici;1954;Via Asti;12;7;51;PORTA MAGENTA;9.152941500000054;45.46647900000005;(45.46647900000005, 9.152941500000054)
420;Acconciature Benatti;Parrucchiere;1962;Via Giuseppe Mussi;9;8;69;SARPI;9.166230000000041;45.48241800000005;(45.48241800000005, 9.166230000000041)
421;Alessandro Doldi;Abbigliamento;1960;Via Canonica Luigi;81;8;69;SARPI;9.170176500000025;45.48077100000006;(45.48077100000006, 9.170176500000025)
422;Berni Pane Pasticceria Bar;Panificio, bar, tavola calda;1956;Via P. Lomazzo;6;8;69;SARPI;9.173074500000041;45.48125700000003;(45.48125700000003, 9.173074500000041)
423;Cantine Isola;Enoteca con mescita;1937;Via Arnolfo di Cambio;1/a;8;69;SARPI;9.17641800000007;45.48163500000004;(45.48163500000004, 9.17641800000007)
424;Carlo Bardelli;Abbigliamento;1933;Via Sarpi Paolo;60;8;69;SARPI;9.170923500000072;45.48105900000007;(45.48105900000007, 9.170923500000072)
425;Cartografica Lombarda di Scotti A. & C.;Cartolibreria;1946;Via Canonica;72;8;69;SARPI;9.171252000000038;45.48045600000006;(45.48045600000006, 9.171252000000038)
426;Cartoleria Colombo;Cartoleria;1953;Via Canonica;89;8;69;SARPI;9.169092000000035;45.48126600000006;(45.48126600000006, 9.169092000000035)
427;Concessionaria Francone;Concessionaria motoveicoli;1956;Piazza A. Gramsci;12;8;69;SARPI;9.16842282600004;45.48180614800003;(45.48180614800003, 9.16842282600004)
428;DueBi Srl Tappezziere in Stoffe e Tende;Tappezziere;1957;Via Sebastiano Veniero;40;8;58;DE ANGELI - MONTE ROSA;9.144472500000063;45.48105000000004;(45.48105000000004, 9.144472500000063)
429;Erboristeria Novetti;Erboristeria;1952;Via Sarpi Paolo;63;8;69;SARPI;9.170752500000049;45.48091500000004;(45.48091500000004, 9.170752500000049)
430;F.lli Galbiati srl;Arredamento, mobili;1951;V.le Certosa;21;8;67;PORTELLO;9.152703000000031;45.48931200000004;(45.48931200000004, 9.152703000000031)
431;La Boutique del Pneumatico;Vendita e assistenza pneumatici;1958;Viale Certosa;20/22;8;70;GHISOLFA;9.152739000000054;45.48974400000003;(45.48974400000003, 9.152739000000054)
432;Lorenzi di Ilde e Lucia;Profumeria;1908;Via Sarpi Paolo;62;8;69;SARPI;9.170554500000037;45.48103200000003;(45.48103200000003, 9.170554500000037)
433;L'Ortolano di Paolo Sarpi;Frutta e verdura;1934;Via Messina;1;8;69;SARPI;9.175711500000034;45.48159000000004;(45.48159000000004, 9.175711500000034)
434;Maglieria Pisati;Abbigliamento;1928;Via Canonica;87;8;69;SARPI;9.169254000000024;45.48118500000004;(45.48118500000004, 9.169254000000024)
435;Marco Rognetta Maestro Parrucchiere;Parrucchiere per uomo;1937;Via Sarpi Paolo;63;8;69;SARPI;9.170752500000049;45.48091500000004;(45.48091500000004, 9.170752500000049)
436;Merceria Grassi P. di Pedrini;Merceria;1945;Via Poliziano;7;8;69;SARPI;9.164434500000027;45.48330900000008;(45.48330900000008, 9.164434500000027)
437;Molinelli Combustibili;Vendita Combustibili;1943;Viale Espinasse;33;8;71;VILLAPIZZONE - CAGNOLA - BOLDINASCO;9.143154000000038;45.49571100000003;(45.49571100000003, 9.143154000000038)
438;Orologeria Rossi;Orologeria, oreficeria;1936;Via Sarpi Paolo;62;8;69;SARPI;9.170554500000037;45.48103200000003;(45.48103200000003, 9.170554500000037)
439;Ottica DMZ;Ottico;1964;Via Piero della Francesca;51;8;69;SARPI;9.161113500000056;45.485532000000035;(45.485532000000035, 9.161113500000056)
440;Ottica Scaccabarozzi;Ottico;1927;Via Sarpi Paolo;63;8;69;SARPI;9.170752500000049;45.48091500000004;(45.48091500000004, 9.170752500000049)
441;Paladini Abbigliamento;Abbigliamento;1965;Via Michelino da Besozzo;10;8;71;VILLAPIZZONE - CAGNOLA - BOLDINASCO;9.150318000000027;45.49387500000006;(45.49387500000006, 9.150318000000027)
442;Parrucchiere Ferraro Giuseppe;Barbiere;1955;Via Grosotto;1;8;71;VILLAPIZZONE - CAGNOLA - BOLDINASCO;9.147739500000057;45.491445000000056;(45.491445000000056, 9.147739500000057)
443;Pizzeria da Giuliano;Pizzeria;1923;Via Sarpi Frà Paolo;60;8;69;SARPI;9.170923500000072;45.48105900000007;(45.48105900000007, 9.170923500000072)
444;Ristorante Chatulle;Ristorante;1930;Via Piero della Francesca;68;8;69;SARPI;9.160110000000032;45.48633300000006;(45.48633300000006, 9.160110000000032)
445;Ristorante la Pobbia;Ristorante;1850;Via Gallarate;92;8;71;VILLAPIZZONE - CAGNOLA - BOLDINASCO;9.134626500000024;45.49616100000003;(45.49616100000003, 9.134626500000024)
446;Torrefazione Moka Hodeidah;Torrefazione e rivendita;1946;Via Piero della Francesca;8;8;69;SARPI;9.167080500000054;45.48235500000004;(45.48235500000004, 9.167080500000054)
447;Arredamenti alla Villa Litta;Arredamenti;1964;Viale Affori;19;9;80;AFFORI;9.169060500000057;45.516834000000074;(45.516834000000074, 9.169060500000057)
448;Baby Stella;Abbigliamento per bambini;1962;Piazzale Lagosta;10;9;11;ISOLA;9.191817000000071;45.489276000000075;(45.489276000000075, 9.191817000000071)
449;Calzature Beretta;Calzature;1927;Via L. Ornato;45;9;14;NIGUARDA - CA' GRANDA - PRATO CENTENARO - Q.RE FULVIO TESTI;9.19182150000006;45.51826500000004;(45.51826500000004, 9.19182150000006)
450;Conrad Bartoli;Apparecchi pneumatici;1920;Via Carlo Farini;55;9;11;ISOLA;9.184158000000025;45.49218300000007;(45.49218300000007, 9.184158000000025)
451;De Giovanni Argenteria;Argenteria;1956;V.le Lancetti;34;9;78;FARINI;9.175032000000044;45.49529700000005;(45.49529700000005, 9.175032000000044)
452;Fiorista Gallo;Fiorista;1928;Via M. Novaro;1;9;80;AFFORI;9.169803000000059;45.51926400000008;(45.51926400000008, 9.169803000000059)
453;Laboratorio di Orologeria Rizzi Eligio;Vendita e Riparazione Orologi;1964;Via Baveno;2;9;80;AFFORI;9.176805000000058;45.50972400000006;(45.50972400000006, 9.176805000000058)
454;Ottica Artioli;Ottica;1953;P.zza XXV Aprile;12;9;9;PORTA GARIBALDI - PORTA NUOVA;9.187546500000053;45.48097800000005;(45.48097800000005, 9.187546500000053)
455;Panificio Cella Antonio;Panificio;1925;Via Paulucci de Calboli;3;9;14;NIGUARDA - CA' GRANDA - PRATO CENTENARO - Q.RE FULVIO TESTI;9.19215900000006;45.51570900000007;(45.51570900000007, 9.19215900000006)
456;Pola tabacchi;Tabaccheria;1938;Via Pola;19;9;11;ISOLA;9.192712500000027;45.489051000000075;(45.489051000000075, 9.192712500000027)
457;Premiata Trattoria Arlati;Trattoria;1936;Via A. Nota;47;9;15;BICOCCA;9.20862900000003;45.517986000000064;(45.517986000000064, 9.20862900000003)
458;Ristorante al Tronco;Ristorante;1954;Via Thaon di Revel Genova;10;9;11;ISOLA;9.188878500000044;45.492147000000045;(45.492147000000045, 9.188878500000044)
459;Ristorante La Villetta;Ristorante;1936;V.le Zara;87;9;12;MACIACHINI - MAGGIOLINA;9.194742000000076;45.49680900000004;(45.49680900000004, 9.194742000000076)
460;Trattoria Toscana da Aldo;Trattoria;1950;V.le Sarca;187;9;15;BICOCCA;9.20889900000003;45.51634800000005;(45.51634800000005, 9.20889900000003)
